append_cflags: checking for whether -std=c99 is accepted as CFLAGS... -------------------- yes

PATH=".;C:/Ruby34-x64/lib;C:\Ruby34-x64\bin;C:\Ruby34-x64\msys64\ucrt64\bin;C:\Ruby34-x64\msys64\usr\bin;C:\ProgramData\rvm\wrapper;C:\Program Files\Common Files\Oracle\Java\javapath;C:\oracle\product\10.2.0\db_1\bin;C:\Windows\system32;C:\Windows;C:\Windows\System32\Wbem;C:\Windows\System32\WindowsPowerShell\v1.0\;C:\Windows\System32\OpenSSH\;C:\WINDOWS\system32;C:\WINDOWS;C:\WINDOWS\System32\Wbem;C:\WINDOWS\System32\WindowsPowerShell\v1.0\;C:\WINDOWS\System32\OpenSSH\;C:\MinGW\bin;C:\Program Files (x86)\NVIDIA Corporation\PhysX\Common;C:\Program Files\NVIDIA Corporation\NVIDIA app\NvDLISR;C:\ProgramData\chocolatey\bin;C:\Program Files\Git\cmd;C:\Program Files\dotnet\;C:\Program Files\nodejs\;C:\Users\KIIT\AppData\Local\Android\Sdk;C:\Users\KIIT\AppData\Local\Android\Sdk\platform-tools;C:\Users\KIIT\AppData\Local\Android\Sdk\platforms;C:\Users\KIIT\AppData\Local\Android\Sdk\emulator;C:\Users\KIIT\AppData\Local\Android\Sdk\build-tools;C:\ProgramData\rvm\wrapper;C:\Ruby34-x64\bin;C:\Program Files\MySQL\MySQL Shell 8.0\bin\;C:\Users\KIIT\AppData\Local\Microsoft\WindowsApps;C:\Users\KIIT\AppData\Local\Programs\Microsoft VS Code\bin;C:\MinGW\bin;C:\Program Files\JetBrains\IntelliJ IDEA 2024.3\bin;;C:\Program Files\JetBrains\IntelliJ IDEA Community Edition 2024.3\bin;;C:\Users\KIIT\AppData\Roaming\npm;C:\Users\KIIT\AppData\Local\GitHubDesktop\bin;C:\Users\KIIT\AppData\Local\Android\Sdk;C:\Users\KIIT\AppData\Local\Android\Sdk\platform-tools;C:\Users\KIIT\AppData\Local\Android\Sdk\emulator;C:\Users\KIIT\AppData\Local\Android\Sdk\build-tools;C:\Users\KIIT\AppData\Local\Android\Sdk\platforms;C:\Program Files\Microsoft\jdk-17.0.13.11-hotspot\bin" ASAN_OPTIONS=detect_leaks=0 "gcc -o conftest.exe -IC:/Ruby34-x64/include/ruby-3.4.0/x64-mingw-ucrt -IC:/Ruby34-x64/include/ruby-3.4.0/ruby/backward -IC:/Ruby34-x64/include/ruby-3.4.0 -I. -D_WIN32_WINNT=0x0600 -D__MINGW_USE_VC2005_COMPAT -D_FILE_OFFSET_BITS=64  -O3 -fstack-protector-strong conftest.c -L. -LC:/Ruby34-x64/lib -L. -pipe -s -fstack-protector-strong -lpthread -Wl,--no-as-needed     -lx64-ucrt-ruby340  -lshell32 -lws2_32 -liphlpapi -limagehlp -lshlwapi -lbcrypt  "
checked program was:
/* begin */
1: #include "ruby.h"
2: 
3: #include <winsock2.h>
4: #include <windows.h>
5: int main(int argc, char **argv)
6: {
7:   return !!argv[argc];
8: }
/* end */

PATH=".;C:/Ruby34-x64/lib;C:\Ruby34-x64\bin;C:\Ruby34-x64\msys64\ucrt64\bin;C:\Ruby34-x64\msys64\usr\bin;C:\ProgramData\rvm\wrapper;C:\Program Files\Common Files\Oracle\Java\javapath;C:\oracle\product\10.2.0\db_1\bin;C:\Windows\system32;C:\Windows;C:\Windows\System32\Wbem;C:\Windows\System32\WindowsPowerShell\v1.0\;C:\Windows\System32\OpenSSH\;C:\WINDOWS\system32;C:\WINDOWS;C:\WINDOWS\System32\Wbem;C:\WINDOWS\System32\WindowsPowerShell\v1.0\;C:\WINDOWS\System32\OpenSSH\;C:\MinGW\bin;C:\Program Files (x86)\NVIDIA Corporation\PhysX\Common;C:\Program Files\NVIDIA Corporation\NVIDIA app\NvDLISR;C:\ProgramData\chocolatey\bin;C:\Program Files\Git\cmd;C:\Program Files\dotnet\;C:\Program Files\nodejs\;C:\Users\KIIT\AppData\Local\Android\Sdk;C:\Users\KIIT\AppData\Local\Android\Sdk\platform-tools;C:\Users\KIIT\AppData\Local\Android\Sdk\platforms;C:\Users\KIIT\AppData\Local\Android\Sdk\emulator;C:\Users\KIIT\AppData\Local\Android\Sdk\build-tools;C:\ProgramData\rvm\wrapper;C:\Ruby34-x64\bin;C:\Program Files\MySQL\MySQL Shell 8.0\bin\;C:\Users\KIIT\AppData\Local\Microsoft\WindowsApps;C:\Users\KIIT\AppData\Local\Programs\Microsoft VS Code\bin;C:\MinGW\bin;C:\Program Files\JetBrains\IntelliJ IDEA 2024.3\bin;;C:\Program Files\JetBrains\IntelliJ IDEA Community Edition 2024.3\bin;;C:\Users\KIIT\AppData\Roaming\npm;C:\Users\KIIT\AppData\Local\GitHubDesktop\bin;C:\Users\KIIT\AppData\Local\Android\Sdk;C:\Users\KIIT\AppData\Local\Android\Sdk\platform-tools;C:\Users\KIIT\AppData\Local\Android\Sdk\emulator;C:\Users\KIIT\AppData\Local\Android\Sdk\build-tools;C:\Users\KIIT\AppData\Local\Android\Sdk\platforms;C:\Program Files\Microsoft\jdk-17.0.13.11-hotspot\bin" ASAN_OPTIONS=detect_leaks=0 "gcc -IC:/Ruby34-x64/include/ruby-3.4.0/x64-mingw-ucrt -IC:/Ruby34-x64/include/ruby-3.4.0/ruby/backward -IC:/Ruby34-x64/include/ruby-3.4.0 -I. -D_WIN32_WINNT=0x0600 -D__MINGW_USE_VC2005_COMPAT -D_FILE_OFFSET_BITS=64  -O3 -fstack-protector-strong  -std=c99 -Werror -c conftest.c"
checked program was:
/* begin */
1: #include "ruby.h"
2: 
3: #include <winsock2.h>
4: #include <windows.h>
5: int main(int argc, char **argv)
6: {
7:   return !!argv[argc];
8: }
/* end */

--------------------

append_cflags: checking for whether -Wno-declaration-after-statement is accepted as CFLAGS... -------------------- yes

PATH=".;C:/Ruby34-x64/lib;C:\Ruby34-x64\bin;C:\Ruby34-x64\msys64\ucrt64\bin;C:\Ruby34-x64\msys64\usr\bin;C:\ProgramData\rvm\wrapper;C:\Program Files\Common Files\Oracle\Java\javapath;C:\oracle\product\10.2.0\db_1\bin;C:\Windows\system32;C:\Windows;C:\Windows\System32\Wbem;C:\Windows\System32\WindowsPowerShell\v1.0\;C:\Windows\System32\OpenSSH\;C:\WINDOWS\system32;C:\WINDOWS;C:\WINDOWS\System32\Wbem;C:\WINDOWS\System32\WindowsPowerShell\v1.0\;C:\WINDOWS\System32\OpenSSH\;C:\MinGW\bin;C:\Program Files (x86)\NVIDIA Corporation\PhysX\Common;C:\Program Files\NVIDIA Corporation\NVIDIA app\NvDLISR;C:\ProgramData\chocolatey\bin;C:\Program Files\Git\cmd;C:\Program Files\dotnet\;C:\Program Files\nodejs\;C:\Users\KIIT\AppData\Local\Android\Sdk;C:\Users\KIIT\AppData\Local\Android\Sdk\platform-tools;C:\Users\KIIT\AppData\Local\Android\Sdk\platforms;C:\Users\KIIT\AppData\Local\Android\Sdk\emulator;C:\Users\KIIT\AppData\Local\Android\Sdk\build-tools;C:\ProgramData\rvm\wrapper;C:\Ruby34-x64\bin;C:\Program Files\MySQL\MySQL Shell 8.0\bin\;C:\Users\KIIT\AppData\Local\Microsoft\WindowsApps;C:\Users\KIIT\AppData\Local\Programs\Microsoft VS Code\bin;C:\MinGW\bin;C:\Program Files\JetBrains\IntelliJ IDEA 2024.3\bin;;C:\Program Files\JetBrains\IntelliJ IDEA Community Edition 2024.3\bin;;C:\Users\KIIT\AppData\Roaming\npm;C:\Users\KIIT\AppData\Local\GitHubDesktop\bin;C:\Users\KIIT\AppData\Local\Android\Sdk;C:\Users\KIIT\AppData\Local\Android\Sdk\platform-tools;C:\Users\KIIT\AppData\Local\Android\Sdk\emulator;C:\Users\KIIT\AppData\Local\Android\Sdk\build-tools;C:\Users\KIIT\AppData\Local\Android\Sdk\platforms;C:\Program Files\Microsoft\jdk-17.0.13.11-hotspot\bin" ASAN_OPTIONS=detect_leaks=0 "gcc -IC:/Ruby34-x64/include/ruby-3.4.0/x64-mingw-ucrt -IC:/Ruby34-x64/include/ruby-3.4.0/ruby/backward -IC:/Ruby34-x64/include/ruby-3.4.0 -I. -D_WIN32_WINNT=0x0600 -D__MINGW_USE_VC2005_COMPAT -D_FILE_OFFSET_BITS=64  -O3 -fstack-protector-strong -std=c99  -Wno-declaration-after-statement -Werror -c conftest.c"
checked program was:
/* begin */
1: #include "ruby.h"
2: 
3: #include <winsock2.h>
4: #include <windows.h>
5: int main(int argc, char **argv)
6: {
7:   return !!argv[argc];
8: }
/* end */

--------------------

append_cflags: checking for whether -O2 is accepted as CFLAGS... -------------------- yes

PATH=".;C:/Ruby34-x64/lib;C:\Ruby34-x64\bin;C:\Ruby34-x64\msys64\ucrt64\bin;C:\Ruby34-x64\msys64\usr\bin;C:\ProgramData\rvm\wrapper;C:\Program Files\Common Files\Oracle\Java\javapath;C:\oracle\product\10.2.0\db_1\bin;C:\Windows\system32;C:\Windows;C:\Windows\System32\Wbem;C:\Windows\System32\WindowsPowerShell\v1.0\;C:\Windows\System32\OpenSSH\;C:\WINDOWS\system32;C:\WINDOWS;C:\WINDOWS\System32\Wbem;C:\WINDOWS\System32\WindowsPowerShell\v1.0\;C:\WINDOWS\System32\OpenSSH\;C:\MinGW\bin;C:\Program Files (x86)\NVIDIA Corporation\PhysX\Common;C:\Program Files\NVIDIA Corporation\NVIDIA app\NvDLISR;C:\ProgramData\chocolatey\bin;C:\Program Files\Git\cmd;C:\Program Files\dotnet\;C:\Program Files\nodejs\;C:\Users\KIIT\AppData\Local\Android\Sdk;C:\Users\KIIT\AppData\Local\Android\Sdk\platform-tools;C:\Users\KIIT\AppData\Local\Android\Sdk\platforms;C:\Users\KIIT\AppData\Local\Android\Sdk\emulator;C:\Users\KIIT\AppData\Local\Android\Sdk\build-tools;C:\ProgramData\rvm\wrapper;C:\Ruby34-x64\bin;C:\Program Files\MySQL\MySQL Shell 8.0\bin\;C:\Users\KIIT\AppData\Local\Microsoft\WindowsApps;C:\Users\KIIT\AppData\Local\Programs\Microsoft VS Code\bin;C:\MinGW\bin;C:\Program Files\JetBrains\IntelliJ IDEA 2024.3\bin;;C:\Program Files\JetBrains\IntelliJ IDEA Community Edition 2024.3\bin;;C:\Users\KIIT\AppData\Roaming\npm;C:\Users\KIIT\AppData\Local\GitHubDesktop\bin;C:\Users\KIIT\AppData\Local\Android\Sdk;C:\Users\KIIT\AppData\Local\Android\Sdk\platform-tools;C:\Users\KIIT\AppData\Local\Android\Sdk\emulator;C:\Users\KIIT\AppData\Local\Android\Sdk\build-tools;C:\Users\KIIT\AppData\Local\Android\Sdk\platforms;C:\Program Files\Microsoft\jdk-17.0.13.11-hotspot\bin" ASAN_OPTIONS=detect_leaks=0 "gcc -IC:/Ruby34-x64/include/ruby-3.4.0/x64-mingw-ucrt -IC:/Ruby34-x64/include/ruby-3.4.0/ruby/backward -IC:/Ruby34-x64/include/ruby-3.4.0 -I. -D_WIN32_WINNT=0x0600 -D__MINGW_USE_VC2005_COMPAT -D_FILE_OFFSET_BITS=64  -O3 -fstack-protector-strong -std=c99 -Wno-declaration-after-statement  -O2 -Werror -c conftest.c"
checked program was:
/* begin */
1: #include "ruby.h"
2: 
3: #include <winsock2.h>
4: #include <windows.h>
5: int main(int argc, char **argv)
6: {
7:   return !!argv[argc];
8: }
/* end */

--------------------

append_cflags: checking for whether -g is accepted as CFLAGS... -------------------- yes

PATH=".;C:/Ruby34-x64/lib;C:\Ruby34-x64\bin;C:\Ruby34-x64\msys64\ucrt64\bin;C:\Ruby34-x64\msys64\usr\bin;C:\ProgramData\rvm\wrapper;C:\Program Files\Common Files\Oracle\Java\javapath;C:\oracle\product\10.2.0\db_1\bin;C:\Windows\system32;C:\Windows;C:\Windows\System32\Wbem;C:\Windows\System32\WindowsPowerShell\v1.0\;C:\Windows\System32\OpenSSH\;C:\WINDOWS\system32;C:\WINDOWS;C:\WINDOWS\System32\Wbem;C:\WINDOWS\System32\WindowsPowerShell\v1.0\;C:\WINDOWS\System32\OpenSSH\;C:\MinGW\bin;C:\Program Files (x86)\NVIDIA Corporation\PhysX\Common;C:\Program Files\NVIDIA Corporation\NVIDIA app\NvDLISR;C:\ProgramData\chocolatey\bin;C:\Program Files\Git\cmd;C:\Program Files\dotnet\;C:\Program Files\nodejs\;C:\Users\KIIT\AppData\Local\Android\Sdk;C:\Users\KIIT\AppData\Local\Android\Sdk\platform-tools;C:\Users\KIIT\AppData\Local\Android\Sdk\platforms;C:\Users\KIIT\AppData\Local\Android\Sdk\emulator;C:\Users\KIIT\AppData\Local\Android\Sdk\build-tools;C:\ProgramData\rvm\wrapper;C:\Ruby34-x64\bin;C:\Program Files\MySQL\MySQL Shell 8.0\bin\;C:\Users\KIIT\AppData\Local\Microsoft\WindowsApps;C:\Users\KIIT\AppData\Local\Programs\Microsoft VS Code\bin;C:\MinGW\bin;C:\Program Files\JetBrains\IntelliJ IDEA 2024.3\bin;;C:\Program Files\JetBrains\IntelliJ IDEA Community Edition 2024.3\bin;;C:\Users\KIIT\AppData\Roaming\npm;C:\Users\KIIT\AppData\Local\GitHubDesktop\bin;C:\Users\KIIT\AppData\Local\Android\Sdk;C:\Users\KIIT\AppData\Local\Android\Sdk\platform-tools;C:\Users\KIIT\AppData\Local\Android\Sdk\emulator;C:\Users\KIIT\AppData\Local\Android\Sdk\build-tools;C:\Users\KIIT\AppData\Local\Android\Sdk\platforms;C:\Program Files\Microsoft\jdk-17.0.13.11-hotspot\bin" ASAN_OPTIONS=detect_leaks=0 "gcc -IC:/Ruby34-x64/include/ruby-3.4.0/x64-mingw-ucrt -IC:/Ruby34-x64/include/ruby-3.4.0/ruby/backward -IC:/Ruby34-x64/include/ruby-3.4.0 -I. -D_WIN32_WINNT=0x0600 -D__MINGW_USE_VC2005_COMPAT -D_FILE_OFFSET_BITS=64  -O3 -fstack-protector-strong -std=c99 -Wno-declaration-after-statement -O2  -g -Werror -c conftest.c"
checked program was:
/* begin */
1: #include "ruby.h"
2: 
3: #include <winsock2.h>
4: #include <windows.h>
5: int main(int argc, char **argv)
6: {
7:   return !!argv[argc];
8: }
/* end */

--------------------

append_cflags: checking for whether -Winline is accepted as CFLAGS... -------------------- yes

PATH=".;C:/Ruby34-x64/lib;C:\Ruby34-x64\bin;C:\Ruby34-x64\msys64\ucrt64\bin;C:\Ruby34-x64\msys64\usr\bin;C:\ProgramData\rvm\wrapper;C:\Program Files\Common Files\Oracle\Java\javapath;C:\oracle\product\10.2.0\db_1\bin;C:\Windows\system32;C:\Windows;C:\Windows\System32\Wbem;C:\Windows\System32\WindowsPowerShell\v1.0\;C:\Windows\System32\OpenSSH\;C:\WINDOWS\system32;C:\WINDOWS;C:\WINDOWS\System32\Wbem;C:\WINDOWS\System32\WindowsPowerShell\v1.0\;C:\WINDOWS\System32\OpenSSH\;C:\MinGW\bin;C:\Program Files (x86)\NVIDIA Corporation\PhysX\Common;C:\Program Files\NVIDIA Corporation\NVIDIA app\NvDLISR;C:\ProgramData\chocolatey\bin;C:\Program Files\Git\cmd;C:\Program Files\dotnet\;C:\Program Files\nodejs\;C:\Users\KIIT\AppData\Local\Android\Sdk;C:\Users\KIIT\AppData\Local\Android\Sdk\platform-tools;C:\Users\KIIT\AppData\Local\Android\Sdk\platforms;C:\Users\KIIT\AppData\Local\Android\Sdk\emulator;C:\Users\KIIT\AppData\Local\Android\Sdk\build-tools;C:\ProgramData\rvm\wrapper;C:\Ruby34-x64\bin;C:\Program Files\MySQL\MySQL Shell 8.0\bin\;C:\Users\KIIT\AppData\Local\Microsoft\WindowsApps;C:\Users\KIIT\AppData\Local\Programs\Microsoft VS Code\bin;C:\MinGW\bin;C:\Program Files\JetBrains\IntelliJ IDEA 2024.3\bin;;C:\Program Files\JetBrains\IntelliJ IDEA Community Edition 2024.3\bin;;C:\Users\KIIT\AppData\Roaming\npm;C:\Users\KIIT\AppData\Local\GitHubDesktop\bin;C:\Users\KIIT\AppData\Local\Android\Sdk;C:\Users\KIIT\AppData\Local\Android\Sdk\platform-tools;C:\Users\KIIT\AppData\Local\Android\Sdk\emulator;C:\Users\KIIT\AppData\Local\Android\Sdk\build-tools;C:\Users\KIIT\AppData\Local\Android\Sdk\platforms;C:\Program Files\Microsoft\jdk-17.0.13.11-hotspot\bin" ASAN_OPTIONS=detect_leaks=0 "gcc -IC:/Ruby34-x64/include/ruby-3.4.0/x64-mingw-ucrt -IC:/Ruby34-x64/include/ruby-3.4.0/ruby/backward -IC:/Ruby34-x64/include/ruby-3.4.0 -I. -D_WIN32_WINNT=0x0600 -D__MINGW_USE_VC2005_COMPAT -D_FILE_OFFSET_BITS=64  -O3 -fstack-protector-strong -std=c99 -Wno-declaration-after-statement -O2 -g  -Winline -Werror -c conftest.c"
checked program was:
/* begin */
1: #include "ruby.h"
2: 
3: #include <winsock2.h>
4: #include <windows.h>
5: int main(int argc, char **argv)
6: {
7:   return !!argv[argc];
8: }
/* end */

--------------------

append_cflags: checking for whether -Wmissing-noreturn is accepted as CFLAGS... -------------------- yes

PATH=".;C:/Ruby34-x64/lib;C:\Ruby34-x64\bin;C:\Ruby34-x64\msys64\ucrt64\bin;C:\Ruby34-x64\msys64\usr\bin;C:\ProgramData\rvm\wrapper;C:\Program Files\Common Files\Oracle\Java\javapath;C:\oracle\product\10.2.0\db_1\bin;C:\Windows\system32;C:\Windows;C:\Windows\System32\Wbem;C:\Windows\System32\WindowsPowerShell\v1.0\;C:\Windows\System32\OpenSSH\;C:\WINDOWS\system32;C:\WINDOWS;C:\WINDOWS\System32\Wbem;C:\WINDOWS\System32\WindowsPowerShell\v1.0\;C:\WINDOWS\System32\OpenSSH\;C:\MinGW\bin;C:\Program Files (x86)\NVIDIA Corporation\PhysX\Common;C:\Program Files\NVIDIA Corporation\NVIDIA app\NvDLISR;C:\ProgramData\chocolatey\bin;C:\Program Files\Git\cmd;C:\Program Files\dotnet\;C:\Program Files\nodejs\;C:\Users\KIIT\AppData\Local\Android\Sdk;C:\Users\KIIT\AppData\Local\Android\Sdk\platform-tools;C:\Users\KIIT\AppData\Local\Android\Sdk\platforms;C:\Users\KIIT\AppData\Local\Android\Sdk\emulator;C:\Users\KIIT\AppData\Local\Android\Sdk\build-tools;C:\ProgramData\rvm\wrapper;C:\Ruby34-x64\bin;C:\Program Files\MySQL\MySQL Shell 8.0\bin\;C:\Users\KIIT\AppData\Local\Microsoft\WindowsApps;C:\Users\KIIT\AppData\Local\Programs\Microsoft VS Code\bin;C:\MinGW\bin;C:\Program Files\JetBrains\IntelliJ IDEA 2024.3\bin;;C:\Program Files\JetBrains\IntelliJ IDEA Community Edition 2024.3\bin;;C:\Users\KIIT\AppData\Roaming\npm;C:\Users\KIIT\AppData\Local\GitHubDesktop\bin;C:\Users\KIIT\AppData\Local\Android\Sdk;C:\Users\KIIT\AppData\Local\Android\Sdk\platform-tools;C:\Users\KIIT\AppData\Local\Android\Sdk\emulator;C:\Users\KIIT\AppData\Local\Android\Sdk\build-tools;C:\Users\KIIT\AppData\Local\Android\Sdk\platforms;C:\Program Files\Microsoft\jdk-17.0.13.11-hotspot\bin" ASAN_OPTIONS=detect_leaks=0 "gcc -IC:/Ruby34-x64/include/ruby-3.4.0/x64-mingw-ucrt -IC:/Ruby34-x64/include/ruby-3.4.0/ruby/backward -IC:/Ruby34-x64/include/ruby-3.4.0 -I. -D_WIN32_WINNT=0x0600 -D__MINGW_USE_VC2005_COMPAT -D_FILE_OFFSET_BITS=64  -O3 -fstack-protector-strong -std=c99 -Wno-declaration-after-statement -O2 -g -Winline  -Wmissing-noreturn -Werror -c conftest.c"
checked program was:
/* begin */
1: #include "ruby.h"
2: 
3: #include <winsock2.h>
4: #include <windows.h>
5: int main(int argc, char **argv)
6: {
7:   return !!argv[argc];
8: }
/* end */

--------------------

append_cflags: checking for whether -Wconversion is accepted as CFLAGS... -------------------- yes

PATH=".;C:/Ruby34-x64/lib;C:\Ruby34-x64\bin;C:\Ruby34-x64\msys64\ucrt64\bin;C:\Ruby34-x64\msys64\usr\bin;C:\ProgramData\rvm\wrapper;C:\Program Files\Common Files\Oracle\Java\javapath;C:\oracle\product\10.2.0\db_1\bin;C:\Windows\system32;C:\Windows;C:\Windows\System32\Wbem;C:\Windows\System32\WindowsPowerShell\v1.0\;C:\Windows\System32\OpenSSH\;C:\WINDOWS\system32;C:\WINDOWS;C:\WINDOWS\System32\Wbem;C:\WINDOWS\System32\WindowsPowerShell\v1.0\;C:\WINDOWS\System32\OpenSSH\;C:\MinGW\bin;C:\Program Files (x86)\NVIDIA Corporation\PhysX\Common;C:\Program Files\NVIDIA Corporation\NVIDIA app\NvDLISR;C:\ProgramData\chocolatey\bin;C:\Program Files\Git\cmd;C:\Program Files\dotnet\;C:\Program Files\nodejs\;C:\Users\KIIT\AppData\Local\Android\Sdk;C:\Users\KIIT\AppData\Local\Android\Sdk\platform-tools;C:\Users\KIIT\AppData\Local\Android\Sdk\platforms;C:\Users\KIIT\AppData\Local\Android\Sdk\emulator;C:\Users\KIIT\AppData\Local\Android\Sdk\build-tools;C:\ProgramData\rvm\wrapper;C:\Ruby34-x64\bin;C:\Program Files\MySQL\MySQL Shell 8.0\bin\;C:\Users\KIIT\AppData\Local\Microsoft\WindowsApps;C:\Users\KIIT\AppData\Local\Programs\Microsoft VS Code\bin;C:\MinGW\bin;C:\Program Files\JetBrains\IntelliJ IDEA 2024.3\bin;;C:\Program Files\JetBrains\IntelliJ IDEA Community Edition 2024.3\bin;;C:\Users\KIIT\AppData\Roaming\npm;C:\Users\KIIT\AppData\Local\GitHubDesktop\bin;C:\Users\KIIT\AppData\Local\Android\Sdk;C:\Users\KIIT\AppData\Local\Android\Sdk\platform-tools;C:\Users\KIIT\AppData\Local\Android\Sdk\emulator;C:\Users\KIIT\AppData\Local\Android\Sdk\build-tools;C:\Users\KIIT\AppData\Local\Android\Sdk\platforms;C:\Program Files\Microsoft\jdk-17.0.13.11-hotspot\bin" ASAN_OPTIONS=detect_leaks=0 "gcc -IC:/Ruby34-x64/include/ruby-3.4.0/x64-mingw-ucrt -IC:/Ruby34-x64/include/ruby-3.4.0/ruby/backward -IC:/Ruby34-x64/include/ruby-3.4.0 -I. -D_WIN32_WINNT=0x0600 -D__MINGW_USE_VC2005_COMPAT -D_FILE_OFFSET_BITS=64  -O3 -fstack-protector-strong -std=c99 -Wno-declaration-after-statement -O2 -g -Winline -Wmissing-noreturn  -Wconversion -Werror -c conftest.c"
checked program was:
/* begin */
1: #include "ruby.h"
2: 
3: #include <winsock2.h>
4: #include <windows.h>
5: int main(int argc, char **argv)
6: {
7:   return !!argv[argc];
8: }
/* end */

--------------------

append_cppflags: checking for whether  "-Idummypath" is accepted as CPPFLAGS... -------------------- yes

PATH=".;C:/Ruby34-x64/lib;C:\Ruby34-x64\bin;C:\Ruby34-x64\msys64\ucrt64\bin;C:\Ruby34-x64\msys64\usr\bin;C:\ProgramData\rvm\wrapper;C:\Program Files\Common Files\Oracle\Java\javapath;C:\oracle\product\10.2.0\db_1\bin;C:\Windows\system32;C:\Windows;C:\Windows\System32\Wbem;C:\Windows\System32\WindowsPowerShell\v1.0\;C:\Windows\System32\OpenSSH\;C:\WINDOWS\system32;C:\WINDOWS;C:\WINDOWS\System32\Wbem;C:\WINDOWS\System32\WindowsPowerShell\v1.0\;C:\WINDOWS\System32\OpenSSH\;C:\MinGW\bin;C:\Program Files (x86)\NVIDIA Corporation\PhysX\Common;C:\Program Files\NVIDIA Corporation\NVIDIA app\NvDLISR;C:\ProgramData\chocolatey\bin;C:\Program Files\Git\cmd;C:\Program Files\dotnet\;C:\Program Files\nodejs\;C:\Users\KIIT\AppData\Local\Android\Sdk;C:\Users\KIIT\AppData\Local\Android\Sdk\platform-tools;C:\Users\KIIT\AppData\Local\Android\Sdk\platforms;C:\Users\KIIT\AppData\Local\Android\Sdk\emulator;C:\Users\KIIT\AppData\Local\Android\Sdk\build-tools;C:\ProgramData\rvm\wrapper;C:\Ruby34-x64\bin;C:\Program Files\MySQL\MySQL Shell 8.0\bin\;C:\Users\KIIT\AppData\Local\Microsoft\WindowsApps;C:\Users\KIIT\AppData\Local\Programs\Microsoft VS Code\bin;C:\MinGW\bin;C:\Program Files\JetBrains\IntelliJ IDEA 2024.3\bin;;C:\Program Files\JetBrains\IntelliJ IDEA Community Edition 2024.3\bin;;C:\Users\KIIT\AppData\Roaming\npm;C:\Users\KIIT\AppData\Local\GitHubDesktop\bin;C:\Users\KIIT\AppData\Local\Android\Sdk;C:\Users\KIIT\AppData\Local\Android\Sdk\platform-tools;C:\Users\KIIT\AppData\Local\Android\Sdk\emulator;C:\Users\KIIT\AppData\Local\Android\Sdk\build-tools;C:\Users\KIIT\AppData\Local\Android\Sdk\platforms;C:\Program Files\Microsoft\jdk-17.0.13.11-hotspot\bin" ASAN_OPTIONS=detect_leaks=0 "gcc -IC:/Ruby34-x64/include/ruby-3.4.0/x64-mingw-ucrt -IC:/Ruby34-x64/include/ruby-3.4.0/ruby/backward -IC:/Ruby34-x64/include/ruby-3.4.0 -I. -D_WIN32_WINNT=0x0600 -D__MINGW_USE_VC2005_COMPAT -D_FILE_OFFSET_BITS=64  -O3 -fstack-protector-strong -std=c99 -Wno-declaration-after-statement -O2 -g -Winline -Wmissing-noreturn -Wconversion   "-Idummypath" -Werror -c conftest.c"
checked program was:
/* begin */
1: #include "ruby.h"
2: 
3: #include <winsock2.h>
4: #include <windows.h>
5: int main(int argc, char **argv)
6: {
7:   return !!argv[argc];
8: }
/* end */

--------------------

append_cppflags: checking for whether -IC:/Users/KIIT/Desktop/DaySpring/assesment-client-dayspring/vendor/bundle/ruby/3.4.0/gems/nokogiri-1.19.1/ports/x64-mingw-ucrt/zlib/1.3.1/include is accepted as CPPFLAGS... -------------------- yes

PATH=".;C:/Ruby34-x64/lib;C:\Users\KIIT\Desktop\DaySpring\assesment-client-dayspring\vendor\bundle\ruby\3.4.0\gems\nokogiri-1.19.1\ports\x64-mingw-ucrt\libiconv\1.18\bin;C:\Ruby34-x64\bin;C:\Ruby34-x64\msys64\ucrt64\bin;C:\Ruby34-x64\msys64\usr\bin;C:\ProgramData\rvm\wrapper;C:\Program Files\Common Files\Oracle\Java\javapath;C:\oracle\product\10.2.0\db_1\bin;C:\Windows\system32;C:\Windows;C:\Windows\System32\Wbem;C:\Windows\System32\WindowsPowerShell\v1.0\;C:\Windows\System32\OpenSSH\;C:\WINDOWS\system32;C:\WINDOWS;C:\WINDOWS\System32\Wbem;C:\WINDOWS\System32\WindowsPowerShell\v1.0\;C:\WINDOWS\System32\OpenSSH\;C:\MinGW\bin;C:\Program Files (x86)\NVIDIA Corporation\PhysX\Common;C:\Program Files\NVIDIA Corporation\NVIDIA app\NvDLISR;C:\ProgramData\chocolatey\bin;C:\Program Files\Git\cmd;C:\Program Files\dotnet\;C:\Program Files\nodejs\;C:\Users\KIIT\AppData\Local\Android\Sdk;C:\Users\KIIT\AppData\Local\Android\Sdk\platform-tools;C:\Users\KIIT\AppData\Local\Android\Sdk\platforms;C:\Users\KIIT\AppData\Local\Android\Sdk\emulator;C:\Users\KIIT\AppData\Local\Android\Sdk\build-tools;C:\ProgramData\rvm\wrapper;C:\Ruby34-x64\bin;C:\Program Files\MySQL\MySQL Shell 8.0\bin\;C:\Users\KIIT\AppData\Local\Microsoft\WindowsApps;C:\Users\KIIT\AppData\Local\Programs\Microsoft VS Code\bin;C:\MinGW\bin;C:\Program Files\JetBrains\IntelliJ IDEA 2024.3\bin;;C:\Program Files\JetBrains\IntelliJ IDEA Community Edition 2024.3\bin;;C:\Users\KIIT\AppData\Roaming\npm;C:\Users\KIIT\AppData\Local\GitHubDesktop\bin;C:\Users\KIIT\AppData\Local\Android\Sdk;C:\Users\KIIT\AppData\Local\Android\Sdk\platform-tools;C:\Users\KIIT\AppData\Local\Android\Sdk\emulator;C:\Users\KIIT\AppData\Local\Android\Sdk\build-tools;C:\Users\KIIT\AppData\Local\Android\Sdk\platforms;C:\Program Files\Microsoft\jdk-17.0.13.11-hotspot\bin" ASAN_OPTIONS=detect_leaks=0 "gcc -IC:/Ruby34-x64/include/ruby-3.4.0/x64-mingw-ucrt -IC:/Ruby34-x64/include/ruby-3.4.0/ruby/backward -IC:/Ruby34-x64/include/ruby-3.4.0 -I. -D_WIN32_WINNT=0x0600 -D__MINGW_USE_VC2005_COMPAT -D_FILE_OFFSET_BITS=64   "-Idummypath" -O3 -fstack-protector-strong -std=c99 -Wno-declaration-after-statement -O2 -g -Winline -Wmissing-noreturn -Wconversion  -IC:/Users/KIIT/Desktop/DaySpring/assesment-client-dayspring/vendor/bundle/ruby/3.4.0/gems/nokogiri-1.19.1/ports/x64-mingw-ucrt/zlib/1.3.1/include -Werror -c conftest.c"
checked program was:
/* begin */
1: #include "ruby.h"
2: 
3: #include <winsock2.h>
4: #include <windows.h>
5: int main(int argc, char **argv)
6: {
7:   return !!argv[argc];
8: }
/* end */

--------------------

have_library: checking for gzdopen() in -lz... -------------------- yes

PATH=".;C:/Ruby34-x64/lib;C:\Users\KIIT\Desktop\DaySpring\assesment-client-dayspring\vendor\bundle\ruby\3.4.0\gems\nokogiri-1.19.1\ports\x64-mingw-ucrt\libiconv\1.18\bin;C:\Ruby34-x64\bin;C:\Ruby34-x64\msys64\ucrt64\bin;C:\Ruby34-x64\msys64\usr\bin;C:\ProgramData\rvm\wrapper;C:\Program Files\Common Files\Oracle\Java\javapath;C:\oracle\product\10.2.0\db_1\bin;C:\Windows\system32;C:\Windows;C:\Windows\System32\Wbem;C:\Windows\System32\WindowsPowerShell\v1.0\;C:\Windows\System32\OpenSSH\;C:\WINDOWS\system32;C:\WINDOWS;C:\WINDOWS\System32\Wbem;C:\WINDOWS\System32\WindowsPowerShell\v1.0\;C:\WINDOWS\System32\OpenSSH\;C:\MinGW\bin;C:\Program Files (x86)\NVIDIA Corporation\PhysX\Common;C:\Program Files\NVIDIA Corporation\NVIDIA app\NvDLISR;C:\ProgramData\chocolatey\bin;C:\Program Files\Git\cmd;C:\Program Files\dotnet\;C:\Program Files\nodejs\;C:\Users\KIIT\AppData\Local\Android\Sdk;C:\Users\KIIT\AppData\Local\Android\Sdk\platform-tools;C:\Users\KIIT\AppData\Local\Android\Sdk\platforms;C:\Users\KIIT\AppData\Local\Android\Sdk\emulator;C:\Users\KIIT\AppData\Local\Android\Sdk\build-tools;C:\ProgramData\rvm\wrapper;C:\Ruby34-x64\bin;C:\Program Files\MySQL\MySQL Shell 8.0\bin\;C:\Users\KIIT\AppData\Local\Microsoft\WindowsApps;C:\Users\KIIT\AppData\Local\Programs\Microsoft VS Code\bin;C:\MinGW\bin;C:\Program Files\JetBrains\IntelliJ IDEA 2024.3\bin;;C:\Program Files\JetBrains\IntelliJ IDEA Community Edition 2024.3\bin;;C:\Users\KIIT\AppData\Roaming\npm;C:\Users\KIIT\AppData\Local\GitHubDesktop\bin;C:\Users\KIIT\AppData\Local\Android\Sdk;C:\Users\KIIT\AppData\Local\Android\Sdk\platform-tools;C:\Users\KIIT\AppData\Local\Android\Sdk\emulator;C:\Users\KIIT\AppData\Local\Android\Sdk\build-tools;C:\Users\KIIT\AppData\Local\Android\Sdk\platforms;C:\Program Files\Microsoft\jdk-17.0.13.11-hotspot\bin" ASAN_OPTIONS=detect_leaks=0 "gcc -o conftest.exe -IC:/Ruby34-x64/include/ruby-3.4.0/x64-mingw-ucrt -IC:/Ruby34-x64/include/ruby-3.4.0/ruby/backward -IC:/Ruby34-x64/include/ruby-3.4.0 -I. -D_WIN32_WINNT=0x0600 -D__MINGW_USE_VC2005_COMPAT -D_FILE_OFFSET_BITS=64   "-Idummypath" -IC:/Users/KIIT/Desktop/DaySpring/assesment-client-dayspring/vendor/bundle/ruby/3.4.0/gems/nokogiri-1.19.1/ports/x64-mingw-ucrt/zlib/1.3.1/include -O3 -fstack-protector-strong -std=c99 -Wno-declaration-after-statement -O2 -g -Winline -Wmissing-noreturn -Wconversion conftest.c -L. -LC:/Ruby34-x64/lib -LC:/Users/KIIT/Desktop/DaySpring/assesment-client-dayspring/vendor/bundle/ruby/3.4.0/gems/nokogiri-1.19.1/ports/x64-mingw-ucrt/zlib/1.3.1/lib -L. -pipe -s -fstack-protector-strong -lpthread -Wl,--no-as-needed     -lx64-ucrt-ruby340 -lz  -lshell32 -lws2_32 -liphlpapi -limagehlp -lshlwapi -lbcrypt  "
checked program was:
/* begin */
 1: #include "ruby.h"
 2: 
 3: #include <winsock2.h>
 4: #include <windows.h>
 5: #include <zlib.h>
 6: 
 7: /*top*/
 8: extern int t(void);
 9: int main(int argc, char **argv)
10: {
11:   if (argc > 1000000) {
12:     int (* volatile tp)(void)=(int (*)(void))&t;
13:     printf("%d", (*tp)());
14:   }
15: 
16:   return !!argv[argc];
17: }
18: int t(void) { void ((*volatile p)()); p = (void ((*)()))gzdopen; return !p; }
/* end */

--------------------

append_cppflags: checking for whether -IC:/Users/KIIT/Desktop/DaySpring/assesment-client-dayspring/vendor/bundle/ruby/3.4.0/gems/nokogiri-1.19.1/ports/x64-mingw-ucrt/libiconv/1.18/include is accepted as CPPFLAGS... -------------------- yes

PATH=".;C:/Ruby34-x64/lib;C:\Users\KIIT\Desktop\DaySpring\assesment-client-dayspring\vendor\bundle\ruby\3.4.0\gems\nokogiri-1.19.1\ports\x64-mingw-ucrt\libiconv\1.18\bin;C:\Ruby34-x64\bin;C:\Ruby34-x64\msys64\ucrt64\bin;C:\Ruby34-x64\msys64\usr\bin;C:\ProgramData\rvm\wrapper;C:\Program Files\Common Files\Oracle\Java\javapath;C:\oracle\product\10.2.0\db_1\bin;C:\Windows\system32;C:\Windows;C:\Windows\System32\Wbem;C:\Windows\System32\WindowsPowerShell\v1.0\;C:\Windows\System32\OpenSSH\;C:\WINDOWS\system32;C:\WINDOWS;C:\WINDOWS\System32\Wbem;C:\WINDOWS\System32\WindowsPowerShell\v1.0\;C:\WINDOWS\System32\OpenSSH\;C:\MinGW\bin;C:\Program Files (x86)\NVIDIA Corporation\PhysX\Common;C:\Program Files\NVIDIA Corporation\NVIDIA app\NvDLISR;C:\ProgramData\chocolatey\bin;C:\Program Files\Git\cmd;C:\Program Files\dotnet\;C:\Program Files\nodejs\;C:\Users\KIIT\AppData\Local\Android\Sdk;C:\Users\KIIT\AppData\Local\Android\Sdk\platform-tools;C:\Users\KIIT\AppData\Local\Android\Sdk\platforms;C:\Users\KIIT\AppData\Local\Android\Sdk\emulator;C:\Users\KIIT\AppData\Local\Android\Sdk\build-tools;C:\ProgramData\rvm\wrapper;C:\Ruby34-x64\bin;C:\Program Files\MySQL\MySQL Shell 8.0\bin\;C:\Users\KIIT\AppData\Local\Microsoft\WindowsApps;C:\Users\KIIT\AppData\Local\Programs\Microsoft VS Code\bin;C:\MinGW\bin;C:\Program Files\JetBrains\IntelliJ IDEA 2024.3\bin;;C:\Program Files\JetBrains\IntelliJ IDEA Community Edition 2024.3\bin;;C:\Users\KIIT\AppData\Roaming\npm;C:\Users\KIIT\AppData\Local\GitHubDesktop\bin;C:\Users\KIIT\AppData\Local\Android\Sdk;C:\Users\KIIT\AppData\Local\Android\Sdk\platform-tools;C:\Users\KIIT\AppData\Local\Android\Sdk\emulator;C:\Users\KIIT\AppData\Local\Android\Sdk\build-tools;C:\Users\KIIT\AppData\Local\Android\Sdk\platforms;C:\Program Files\Microsoft\jdk-17.0.13.11-hotspot\bin" ASAN_OPTIONS=detect_leaks=0 "gcc -IC:/Ruby34-x64/include/ruby-3.4.0/x64-mingw-ucrt -IC:/Ruby34-x64/include/ruby-3.4.0/ruby/backward -IC:/Ruby34-x64/include/ruby-3.4.0 -I. -D_WIN32_WINNT=0x0600 -D__MINGW_USE_VC2005_COMPAT -D_FILE_OFFSET_BITS=64   "-Idummypath" -IC:/Users/KIIT/Desktop/DaySpring/assesment-client-dayspring/vendor/bundle/ruby/3.4.0/gems/nokogiri-1.19.1/ports/x64-mingw-ucrt/zlib/1.3.1/include -O3 -fstack-protector-strong -std=c99 -Wno-declaration-after-statement -O2 -g -Winline -Wmissing-noreturn -Wconversion  -IC:/Users/KIIT/Desktop/DaySpring/assesment-client-dayspring/vendor/bundle/ruby/3.4.0/gems/nokogiri-1.19.1/ports/x64-mingw-ucrt/libiconv/1.18/include -Werror -c conftest.c"
checked program was:
/* begin */
1: #include "ruby.h"
2: 
3: #include <winsock2.h>
4: #include <windows.h>
5: int main(int argc, char **argv)
6: {
7:   return !!argv[argc];
8: }
/* end */

--------------------

have_library: checking for iconv_open() in -liconv... -------------------- yes

PATH=".;C:/Ruby34-x64/lib;C:\Users\KIIT\Desktop\DaySpring\assesment-client-dayspring\vendor\bundle\ruby\3.4.0\gems\nokogiri-1.19.1\ports\x64-mingw-ucrt\libiconv\1.18\bin;C:\Ruby34-x64\bin;C:\Ruby34-x64\msys64\ucrt64\bin;C:\Ruby34-x64\msys64\usr\bin;C:\ProgramData\rvm\wrapper;C:\Program Files\Common Files\Oracle\Java\javapath;C:\oracle\product\10.2.0\db_1\bin;C:\Windows\system32;C:\Windows;C:\Windows\System32\Wbem;C:\Windows\System32\WindowsPowerShell\v1.0\;C:\Windows\System32\OpenSSH\;C:\WINDOWS\system32;C:\WINDOWS;C:\WINDOWS\System32\Wbem;C:\WINDOWS\System32\WindowsPowerShell\v1.0\;C:\WINDOWS\System32\OpenSSH\;C:\MinGW\bin;C:\Program Files (x86)\NVIDIA Corporation\PhysX\Common;C:\Program Files\NVIDIA Corporation\NVIDIA app\NvDLISR;C:\ProgramData\chocolatey\bin;C:\Program Files\Git\cmd;C:\Program Files\dotnet\;C:\Program Files\nodejs\;C:\Users\KIIT\AppData\Local\Android\Sdk;C:\Users\KIIT\AppData\Local\Android\Sdk\platform-tools;C:\Users\KIIT\AppData\Local\Android\Sdk\platforms;C:\Users\KIIT\AppData\Local\Android\Sdk\emulator;C:\Users\KIIT\AppData\Local\Android\Sdk\build-tools;C:\ProgramData\rvm\wrapper;C:\Ruby34-x64\bin;C:\Program Files\MySQL\MySQL Shell 8.0\bin\;C:\Users\KIIT\AppData\Local\Microsoft\WindowsApps;C:\Users\KIIT\AppData\Local\Programs\Microsoft VS Code\bin;C:\MinGW\bin;C:\Program Files\JetBrains\IntelliJ IDEA 2024.3\bin;;C:\Program Files\JetBrains\IntelliJ IDEA Community Edition 2024.3\bin;;C:\Users\KIIT\AppData\Roaming\npm;C:\Users\KIIT\AppData\Local\GitHubDesktop\bin;C:\Users\KIIT\AppData\Local\Android\Sdk;C:\Users\KIIT\AppData\Local\Android\Sdk\platform-tools;C:\Users\KIIT\AppData\Local\Android\Sdk\emulator;C:\Users\KIIT\AppData\Local\Android\Sdk\build-tools;C:\Users\KIIT\AppData\Local\Android\Sdk\platforms;C:\Program Files\Microsoft\jdk-17.0.13.11-hotspot\bin" ASAN_OPTIONS=detect_leaks=0 "gcc -o conftest.exe -IC:/Ruby34-x64/include/ruby-3.4.0/x64-mingw-ucrt -IC:/Ruby34-x64/include/ruby-3.4.0/ruby/backward -IC:/Ruby34-x64/include/ruby-3.4.0 -I. -D_WIN32_WINNT=0x0600 -D__MINGW_USE_VC2005_COMPAT -D_FILE_OFFSET_BITS=64   "-Idummypath" -IC:/Users/KIIT/Desktop/DaySpring/assesment-client-dayspring/vendor/bundle/ruby/3.4.0/gems/nokogiri-1.19.1/ports/x64-mingw-ucrt/zlib/1.3.1/include -IC:/Users/KIIT/Desktop/DaySpring/assesment-client-dayspring/vendor/bundle/ruby/3.4.0/gems/nokogiri-1.19.1/ports/x64-mingw-ucrt/libiconv/1.18/include -O3 -fstack-protector-strong -std=c99 -Wno-declaration-after-statement -O2 -g -Winline -Wmissing-noreturn -Wconversion conftest.c -L. -LC:/Ruby34-x64/lib -LC:/Users/KIIT/Desktop/DaySpring/assesment-client-dayspring/vendor/bundle/ruby/3.4.0/gems/nokogiri-1.19.1/ports/x64-mingw-ucrt/libiconv/1.18/lib -LC:/Users/KIIT/Desktop/DaySpring/assesment-client-dayspring/vendor/bundle/ruby/3.4.0/gems/nokogiri-1.19.1/ports/x64-mingw-ucrt/zlib/1.3.1/lib -L. -pipe -s -fstack-protector-strong -lpthread -Wl,--no-as-needed    -lz  -lx64-ucrt-ruby340 -liconv -lz  -lshell32 -lws2_32 -liphlpapi -limagehlp -lshlwapi -lbcrypt  "
checked program was:
/* begin */
 1: #include "ruby.h"
 2: 
 3: #include <winsock2.h>
 4: #include <windows.h>
 5: #include <iconv.h>
 6: 
 7: /*top*/
 8: extern int t(void);
 9: int main(int argc, char **argv)
10: {
11:   if (argc > 1000000) {
12:     int (* volatile tp)(void)=(int (*)(void))&t;
13:     printf("%d", (*tp)());
14:   }
15: 
16:   return !!argv[argc];
17: }
18: int t(void) { void ((*volatile p)()); p = (void ((*)()))iconv_open; return !p; }
/* end */

--------------------

append_cppflags: checking for whether -DNOKOGIRI_PACKAGED_LIBRARIES is accepted as CPPFLAGS... -------------------- yes

PATH=".;C:/Ruby34-x64/lib;C:\Users\KIIT\Desktop\DaySpring\assesment-client-dayspring\vendor\bundle\ruby\3.4.0\gems\nokogiri-1.19.1\ports\x64-mingw-ucrt\libxslt\1.1.43\bin;C:\Users\KIIT\Desktop\DaySpring\assesment-client-dayspring\vendor\bundle\ruby\3.4.0\gems\nokogiri-1.19.1\ports\x64-mingw-ucrt\libxml2\2.13.9\bin;C:\Users\KIIT\Desktop\DaySpring\assesment-client-dayspring\vendor\bundle\ruby\3.4.0\gems\nokogiri-1.19.1\ports\x64-mingw-ucrt\libiconv\1.18\bin;C:\Ruby34-x64\bin;C:\Ruby34-x64\msys64\ucrt64\bin;C:\Ruby34-x64\msys64\usr\bin;C:\ProgramData\rvm\wrapper;C:\Program Files\Common Files\Oracle\Java\javapath;C:\oracle\product\10.2.0\db_1\bin;C:\Windows\system32;C:\Windows;C:\Windows\System32\Wbem;C:\Windows\System32\WindowsPowerShell\v1.0\;C:\Windows\System32\OpenSSH\;C:\WINDOWS\system32;C:\WINDOWS;C:\WINDOWS\System32\Wbem;C:\WINDOWS\System32\WindowsPowerShell\v1.0\;C:\WINDOWS\System32\OpenSSH\;C:\MinGW\bin;C:\Program Files (x86)\NVIDIA Corporation\PhysX\Common;C:\Program Files\NVIDIA Corporation\NVIDIA app\NvDLISR;C:\ProgramData\chocolatey\bin;C:\Program Files\Git\cmd;C:\Program Files\dotnet\;C:\Program Files\nodejs\;C:\Users\KIIT\AppData\Local\Android\Sdk;C:\Users\KIIT\AppData\Local\Android\Sdk\platform-tools;C:\Users\KIIT\AppData\Local\Android\Sdk\platforms;C:\Users\KIIT\AppData\Local\Android\Sdk\emulator;C:\Users\KIIT\AppData\Local\Android\Sdk\build-tools;C:\ProgramData\rvm\wrapper;C:\Ruby34-x64\bin;C:\Program Files\MySQL\MySQL Shell 8.0\bin\;C:\Users\KIIT\AppData\Local\Microsoft\WindowsApps;C:\Users\KIIT\AppData\Local\Programs\Microsoft VS Code\bin;C:\MinGW\bin;C:\Program Files\JetBrains\IntelliJ IDEA 2024.3\bin;;C:\Program Files\JetBrains\IntelliJ IDEA Community Edition 2024.3\bin;;C:\Users\KIIT\AppData\Roaming\npm;C:\Users\KIIT\AppData\Local\GitHubDesktop\bin;C:\Users\KIIT\AppData\Local\Android\Sdk;C:\Users\KIIT\AppData\Local\Android\Sdk\platform-tools;C:\Users\KIIT\AppData\Local\Android\Sdk\emulator;C:\Users\KIIT\AppData\Local\Android\Sdk\build-tools;C:\Users\KIIT\AppData\Local\Android\Sdk\platforms;C:\Program Files\Microsoft\jdk-17.0.13.11-hotspot\bin" ASAN_OPTIONS=detect_leaks=0 "gcc -IC:/Ruby34-x64/include/ruby-3.4.0/x64-mingw-ucrt -IC:/Ruby34-x64/include/ruby-3.4.0/ruby/backward -IC:/Ruby34-x64/include/ruby-3.4.0 -I. -D_WIN32_WINNT=0x0600 -D__MINGW_USE_VC2005_COMPAT -D_FILE_OFFSET_BITS=64   "-Idummypath" -IC:/Users/KIIT/Desktop/DaySpring/assesment-client-dayspring/vendor/bundle/ruby/3.4.0/gems/nokogiri-1.19.1/ports/x64-mingw-ucrt/zlib/1.3.1/include -IC:/Users/KIIT/Desktop/DaySpring/assesment-client-dayspring/vendor/bundle/ruby/3.4.0/gems/nokogiri-1.19.1/ports/x64-mingw-ucrt/libiconv/1.18/include -O3 -fstack-protector-strong -std=c99 -Wno-declaration-after-statement -O2 -g -Winline -Wmissing-noreturn -Wconversion  -DNOKOGIRI_PACKAGED_LIBRARIES -Werror -c conftest.c"
checked program was:
/* begin */
1: #include "ruby.h"
2: 
3: #include <winsock2.h>
4: #include <windows.h>
5: int main(int argc, char **argv)
6: {
7:   return !!argv[argc];
8: }
/* end */

--------------------

append_cppflags: checking for whether -DNOKOGIRI_LIBXML2_PATCHES="\"0001-Remove-script-macro-support.patch 0002-Update-entities-to-remove-handling-of-ssi.patch 0009-allow-wildcard-namespaces.patch 0010-update-config.guess-and-config.sub-for-libxml2.patch 0011-rip-out-libxml2-s-libc_single_threaded-support.patch 0019-xpath-Use-separate-static-hash-table-for-standard-fu.patch\"" is accepted as CPPFLAGS... -------------------- yes

PATH=".;C:/Ruby34-x64/lib;C:\Users\KIIT\Desktop\DaySpring\assesment-client-dayspring\vendor\bundle\ruby\3.4.0\gems\nokogiri-1.19.1\ports\x64-mingw-ucrt\libxslt\1.1.43\bin;C:\Users\KIIT\Desktop\DaySpring\assesment-client-dayspring\vendor\bundle\ruby\3.4.0\gems\nokogiri-1.19.1\ports\x64-mingw-ucrt\libxml2\2.13.9\bin;C:\Users\KIIT\Desktop\DaySpring\assesment-client-dayspring\vendor\bundle\ruby\3.4.0\gems\nokogiri-1.19.1\ports\x64-mingw-ucrt\libiconv\1.18\bin;C:\Ruby34-x64\bin;C:\Ruby34-x64\msys64\ucrt64\bin;C:\Ruby34-x64\msys64\usr\bin;C:\ProgramData\rvm\wrapper;C:\Program Files\Common Files\Oracle\Java\javapath;C:\oracle\product\10.2.0\db_1\bin;C:\Windows\system32;C:\Windows;C:\Windows\System32\Wbem;C:\Windows\System32\WindowsPowerShell\v1.0\;C:\Windows\System32\OpenSSH\;C:\WINDOWS\system32;C:\WINDOWS;C:\WINDOWS\System32\Wbem;C:\WINDOWS\System32\WindowsPowerShell\v1.0\;C:\WINDOWS\System32\OpenSSH\;C:\MinGW\bin;C:\Program Files (x86)\NVIDIA Corporation\PhysX\Common;C:\Program Files\NVIDIA Corporation\NVIDIA app\NvDLISR;C:\ProgramData\chocolatey\bin;C:\Program Files\Git\cmd;C:\Program Files\dotnet\;C:\Program Files\nodejs\;C:\Users\KIIT\AppData\Local\Android\Sdk;C:\Users\KIIT\AppData\Local\Android\Sdk\platform-tools;C:\Users\KIIT\AppData\Local\Android\Sdk\platforms;C:\Users\KIIT\AppData\Local\Android\Sdk\emulator;C:\Users\KIIT\AppData\Local\Android\Sdk\build-tools;C:\ProgramData\rvm\wrapper;C:\Ruby34-x64\bin;C:\Program Files\MySQL\MySQL Shell 8.0\bin\;C:\Users\KIIT\AppData\Local\Microsoft\WindowsApps;C:\Users\KIIT\AppData\Local\Programs\Microsoft VS Code\bin;C:\MinGW\bin;C:\Program Files\JetBrains\IntelliJ IDEA 2024.3\bin;;C:\Program Files\JetBrains\IntelliJ IDEA Community Edition 2024.3\bin;;C:\Users\KIIT\AppData\Roaming\npm;C:\Users\KIIT\AppData\Local\GitHubDesktop\bin;C:\Users\KIIT\AppData\Local\Android\Sdk;C:\Users\KIIT\AppData\Local\Android\Sdk\platform-tools;C:\Users\KIIT\AppData\Local\Android\Sdk\emulator;C:\Users\KIIT\AppData\Local\Android\Sdk\build-tools;C:\Users\KIIT\AppData\Local\Android\Sdk\platforms;C:\Program Files\Microsoft\jdk-17.0.13.11-hotspot\bin" ASAN_OPTIONS=detect_leaks=0 "gcc -IC:/Ruby34-x64/include/ruby-3.4.0/x64-mingw-ucrt -IC:/Ruby34-x64/include/ruby-3.4.0/ruby/backward -IC:/Ruby34-x64/include/ruby-3.4.0 -I. -IC:/Users/KIIT/Desktop/DaySpring/assesment-client-dayspring/vendor/bundle/ruby/3.4.0/gems/nokogiri-1.19.1/ports/x64-mingw-ucrt/libxml2/2.13.9/include/libxml2 -IC:/Users/KIIT/Desktop/DaySpring/assesment-client-dayspring/vendor/bundle/ruby/3.4.0/gems/nokogiri-1.19.1/ports/x64-mingw-ucrt/libiconv/1.18/include -DLIBXML_STATIC -D_WIN32_WINNT=0x0600 -D__MINGW_USE_VC2005_COMPAT -D_FILE_OFFSET_BITS=64   "-Idummypath" -IC:/Users/KIIT/Desktop/DaySpring/assesment-client-dayspring/vendor/bundle/ruby/3.4.0/gems/nokogiri-1.19.1/ports/x64-mingw-ucrt/zlib/1.3.1/include -IC:/Users/KIIT/Desktop/DaySpring/assesment-client-dayspring/vendor/bundle/ruby/3.4.0/gems/nokogiri-1.19.1/ports/x64-mingw-ucrt/libiconv/1.18/include -DNOKOGIRI_PACKAGED_LIBRARIES -O3 -fstack-protector-strong -std=c99 -Wno-declaration-after-statement -O2 -g -Winline -Wmissing-noreturn -Wconversion  -DNOKOGIRI_LIBXML2_PATCHES="\"0001-Remove-script-macro-support.patch 0002-Update-entities-to-remove-handling-of-ssi.patch 0009-allow-wildcard-namespaces.patch 0010-update-config.guess-and-config.sub-for-libxml2.patch 0011-rip-out-libxml2-s-libc_single_threaded-support.patch 0019-xpath-Use-separate-static-hash-table-for-standard-fu.patch\"" -Werror -c conftest.c"
checked program was:
/* begin */
1: #include "ruby.h"
2: 
3: #include <winsock2.h>
4: #include <windows.h>
5: int main(int argc, char **argv)
6: {
7:   return !!argv[argc];
8: }
/* end */

--------------------

have_library: checking for -llzma... -------------------- yes

PATH=".;C:/Ruby34-x64/lib;C:\Users\KIIT\Desktop\DaySpring\assesment-client-dayspring\vendor\bundle\ruby\3.4.0\gems\nokogiri-1.19.1\ports\x64-mingw-ucrt\libxslt\1.1.43\bin;C:\Users\KIIT\Desktop\DaySpring\assesment-client-dayspring\vendor\bundle\ruby\3.4.0\gems\nokogiri-1.19.1\ports\x64-mingw-ucrt\libxml2\2.13.9\bin;C:\Users\KIIT\Desktop\DaySpring\assesment-client-dayspring\vendor\bundle\ruby\3.4.0\gems\nokogiri-1.19.1\ports\x64-mingw-ucrt\libiconv\1.18\bin;C:\Ruby34-x64\bin;C:\Ruby34-x64\msys64\ucrt64\bin;C:\Ruby34-x64\msys64\usr\bin;C:\ProgramData\rvm\wrapper;C:\Program Files\Common Files\Oracle\Java\javapath;C:\oracle\product\10.2.0\db_1\bin;C:\Windows\system32;C:\Windows;C:\Windows\System32\Wbem;C:\Windows\System32\WindowsPowerShell\v1.0\;C:\Windows\System32\OpenSSH\;C:\WINDOWS\system32;C:\WINDOWS;C:\WINDOWS\System32\Wbem;C:\WINDOWS\System32\WindowsPowerShell\v1.0\;C:\WINDOWS\System32\OpenSSH\;C:\MinGW\bin;C:\Program Files (x86)\NVIDIA Corporation\PhysX\Common;C:\Program Files\NVIDIA Corporation\NVIDIA app\NvDLISR;C:\ProgramData\chocolatey\bin;C:\Program Files\Git\cmd;C:\Program Files\dotnet\;C:\Program Files\nodejs\;C:\Users\KIIT\AppData\Local\Android\Sdk;C:\Users\KIIT\AppData\Local\Android\Sdk\platform-tools;C:\Users\KIIT\AppData\Local\Android\Sdk\platforms;C:\Users\KIIT\AppData\Local\Android\Sdk\emulator;C:\Users\KIIT\AppData\Local\Android\Sdk\build-tools;C:\ProgramData\rvm\wrapper;C:\Ruby34-x64\bin;C:\Program Files\MySQL\MySQL Shell 8.0\bin\;C:\Users\KIIT\AppData\Local\Microsoft\WindowsApps;C:\Users\KIIT\AppData\Local\Programs\Microsoft VS Code\bin;C:\MinGW\bin;C:\Program Files\JetBrains\IntelliJ IDEA 2024.3\bin;;C:\Program Files\JetBrains\IntelliJ IDEA Community Edition 2024.3\bin;;C:\Users\KIIT\AppData\Roaming\npm;C:\Users\KIIT\AppData\Local\GitHubDesktop\bin;C:\Users\KIIT\AppData\Local\Android\Sdk;C:\Users\KIIT\AppData\Local\Android\Sdk\platform-tools;C:\Users\KIIT\AppData\Local\Android\Sdk\emulator;C:\Users\KIIT\AppData\Local\Android\Sdk\build-tools;C:\Users\KIIT\AppData\Local\Android\Sdk\platforms;C:\Program Files\Microsoft\jdk-17.0.13.11-hotspot\bin" ASAN_OPTIONS=detect_leaks=0 "gcc -o conftest.exe -IC:/Ruby34-x64/include/ruby-3.4.0/x64-mingw-ucrt -IC:/Ruby34-x64/include/ruby-3.4.0/ruby/backward -IC:/Ruby34-x64/include/ruby-3.4.0 -I. -IC:/Users/KIIT/Desktop/DaySpring/assesment-client-dayspring/vendor/bundle/ruby/3.4.0/gems/nokogiri-1.19.1/ports/x64-mingw-ucrt/libxml2/2.13.9/include/libxml2 -IC:/Users/KIIT/Desktop/DaySpring/assesment-client-dayspring/vendor/bundle/ruby/3.4.0/gems/nokogiri-1.19.1/ports/x64-mingw-ucrt/libiconv/1.18/include -DLIBXML_STATIC -D_WIN32_WINNT=0x0600 -D__MINGW_USE_VC2005_COMPAT -D_FILE_OFFSET_BITS=64   "-Idummypath" -IC:/Users/KIIT/Desktop/DaySpring/assesment-client-dayspring/vendor/bundle/ruby/3.4.0/gems/nokogiri-1.19.1/ports/x64-mingw-ucrt/zlib/1.3.1/include -IC:/Users/KIIT/Desktop/DaySpring/assesment-client-dayspring/vendor/bundle/ruby/3.4.0/gems/nokogiri-1.19.1/ports/x64-mingw-ucrt/libiconv/1.18/include -DNOKOGIRI_PACKAGED_LIBRARIES -DNOKOGIRI_LIBXML2_PATCHES="\"0001-Remove-script-macro-support.patch 0002-Update-entities-to-remove-handling-of-ssi.patch 0009-allow-wildcard-namespaces.patch 0010-update-config.guess-and-config.sub-for-libxml2.patch 0011-rip-out-libxml2-s-libc_single_threaded-support.patch 0019-xpath-Use-separate-static-hash-table-for-standard-fu.patch\"" -O3 -fstack-protector-strong -std=c99 -Wno-declaration-after-statement -O2 -g -Winline -Wmissing-noreturn -Wconversion conftest.c -L. -LC:/Ruby34-x64/lib -LC:/Users/KIIT/Desktop/DaySpring/assesment-client-dayspring/vendor/bundle/ruby/3.4.0/gems/nokogiri-1.19.1/ports/x64-mingw-ucrt/libiconv/1.18/lib -LC:/Users/KIIT/Desktop/DaySpring/assesment-client-dayspring/vendor/bundle/ruby/3.4.0/gems/nokogiri-1.19.1/ports/x64-mingw-ucrt/zlib/1.3.1/lib -LC:/Users/KIIT/Desktop/DaySpring/assesment-client-dayspring/vendor/bundle/ruby/3.4.0/gems/nokogiri-1.19.1/ports/x64-mingw-ucrt/libxml2/2.13.9/lib -LC:/Ruby34-x64/msys64/ucrt64/lib -L. -pipe -s -fstack-protector-strong -lpthread -Wl,--no-as-needed    -liconv -lz  -lx64-ucrt-ruby340 -llzma -liconv -lz  -lshell32 -lws2_32 -liphlpapi -limagehlp -lshlwapi -lbcrypt  "
checked program was:
/* begin */
 1: #include "ruby.h"
 2: 
 3: #include <winsock2.h>
 4: #include <windows.h>
 5: 
 6: /*top*/
 7: extern int t(void);
 8: int main(int argc, char **argv)
 9: {
10:   if (argc > 1000000) {
11:     int (* volatile tp)(void)=(int (*)(void))&t;
12:     printf("%d", (*tp)());
13:   }
14: 
15:   return !!argv[argc];
16: }
17: 
18: int t(void) { ; return 0; }
/* end */

--------------------

append_cppflags: checking for whether -DNOKOGIRI_LIBXSLT_PATCHES="\"0001-update-config.guess-and-config.sub-for-libxslt.patch\"" is accepted as CPPFLAGS... -------------------- yes

PATH=".;C:/Ruby34-x64/lib;C:\Users\KIIT\Desktop\DaySpring\assesment-client-dayspring\vendor\bundle\ruby\3.4.0\gems\nokogiri-1.19.1\ports\x64-mingw-ucrt\libxslt\1.1.43\bin;C:\Users\KIIT\Desktop\DaySpring\assesment-client-dayspring\vendor\bundle\ruby\3.4.0\gems\nokogiri-1.19.1\ports\x64-mingw-ucrt\libxml2\2.13.9\bin;C:\Users\KIIT\Desktop\DaySpring\assesment-client-dayspring\vendor\bundle\ruby\3.4.0\gems\nokogiri-1.19.1\ports\x64-mingw-ucrt\libiconv\1.18\bin;C:\Ruby34-x64\bin;C:\Ruby34-x64\msys64\ucrt64\bin;C:\Ruby34-x64\msys64\usr\bin;C:\ProgramData\rvm\wrapper;C:\Program Files\Common Files\Oracle\Java\javapath;C:\oracle\product\10.2.0\db_1\bin;C:\Windows\system32;C:\Windows;C:\Windows\System32\Wbem;C:\Windows\System32\WindowsPowerShell\v1.0\;C:\Windows\System32\OpenSSH\;C:\WINDOWS\system32;C:\WINDOWS;C:\WINDOWS\System32\Wbem;C:\WINDOWS\System32\WindowsPowerShell\v1.0\;C:\WINDOWS\System32\OpenSSH\;C:\MinGW\bin;C:\Program Files (x86)\NVIDIA Corporation\PhysX\Common;C:\Program Files\NVIDIA Corporation\NVIDIA app\NvDLISR;C:\ProgramData\chocolatey\bin;C:\Program Files\Git\cmd;C:\Program Files\dotnet\;C:\Program Files\nodejs\;C:\Users\KIIT\AppData\Local\Android\Sdk;C:\Users\KIIT\AppData\Local\Android\Sdk\platform-tools;C:\Users\KIIT\AppData\Local\Android\Sdk\platforms;C:\Users\KIIT\AppData\Local\Android\Sdk\emulator;C:\Users\KIIT\AppData\Local\Android\Sdk\build-tools;C:\ProgramData\rvm\wrapper;C:\Ruby34-x64\bin;C:\Program Files\MySQL\MySQL Shell 8.0\bin\;C:\Users\KIIT\AppData\Local\Microsoft\WindowsApps;C:\Users\KIIT\AppData\Local\Programs\Microsoft VS Code\bin;C:\MinGW\bin;C:\Program Files\JetBrains\IntelliJ IDEA 2024.3\bin;;C:\Program Files\JetBrains\IntelliJ IDEA Community Edition 2024.3\bin;;C:\Users\KIIT\AppData\Roaming\npm;C:\Users\KIIT\AppData\Local\GitHubDesktop\bin;C:\Users\KIIT\AppData\Local\Android\Sdk;C:\Users\KIIT\AppData\Local\Android\Sdk\platform-tools;C:\Users\KIIT\AppData\Local\Android\Sdk\emulator;C:\Users\KIIT\AppData\Local\Android\Sdk\build-tools;C:\Users\KIIT\AppData\Local\Android\Sdk\platforms;C:\Program Files\Microsoft\jdk-17.0.13.11-hotspot\bin" ASAN_OPTIONS=detect_leaks=0 "gcc -IC:/Ruby34-x64/include/ruby-3.4.0/x64-mingw-ucrt -IC:/Ruby34-x64/include/ruby-3.4.0/ruby/backward -IC:/Ruby34-x64/include/ruby-3.4.0 -I. -IC:/Users/KIIT/Desktop/DaySpring/assesment-client-dayspring/vendor/bundle/ruby/3.4.0/gems/nokogiri-1.19.1/ports/x64-mingw-ucrt/libxml2/2.13.9/include/libxml2 -IC:/Users/KIIT/Desktop/DaySpring/assesment-client-dayspring/vendor/bundle/ruby/3.4.0/gems/nokogiri-1.19.1/ports/x64-mingw-ucrt/libiconv/1.18/include -DLIBXML_STATIC -DLIBXSLT_STATIC -DLIBEXSLT_STATIC -IC:/Users/KIIT/Desktop/DaySpring/assesment-client-dayspring/vendor/bundle/ruby/3.4.0/gems/nokogiri-1.19.1/ports/x64-mingw-ucrt/libxslt/1.1.43/include -IC:/Users/KIIT/Desktop/DaySpring/assesment-client-dayspring/vendor/bundle/ruby/3.4.0/gems/nokogiri-1.19.1/ports/x64-mingw-ucrt/libxml2/2.13.9/include/libxml2 -IC:/Users/KIIT/Desktop/DaySpring/assesment-client-dayspring/vendor/bundle/ruby/3.4.0/gems/nokogiri-1.19.1/ports/x64-mingw-ucrt/libiconv/1.18/include -DLIBXML_STATIC -D_WIN32_WINNT=0x0600 -D__MINGW_USE_VC2005_COMPAT -D_FILE_OFFSET_BITS=64   "-Idummypath" -IC:/Users/KIIT/Desktop/DaySpring/assesment-client-dayspring/vendor/bundle/ruby/3.4.0/gems/nokogiri-1.19.1/ports/x64-mingw-ucrt/zlib/1.3.1/include -IC:/Users/KIIT/Desktop/DaySpring/assesment-client-dayspring/vendor/bundle/ruby/3.4.0/gems/nokogiri-1.19.1/ports/x64-mingw-ucrt/libiconv/1.18/include -DNOKOGIRI_PACKAGED_LIBRARIES -DNOKOGIRI_LIBXML2_PATCHES="\"0001-Remove-script-macro-support.patch 0002-Update-entities-to-remove-handling-of-ssi.patch 0009-allow-wildcard-namespaces.patch 0010-update-config.guess-and-config.sub-for-libxml2.patch 0011-rip-out-libxml2-s-libc_single_threaded-support.patch 0019-xpath-Use-separate-static-hash-table-for-standard-fu.patch\"" -O3 -fstack-protector-strong -std=c99 -Wno-declaration-after-statement -O2 -g -Winline -Wmissing-noreturn -Wconversion  -DNOKOGIRI_LIBXSLT_PATCHES="\"0001-update-config.guess-and-config.sub-for-libxslt.patch\"" -Werror -c conftest.c"
checked program was:
/* begin */
1: #include "ruby.h"
2: 
3: #include <winsock2.h>
4: #include <windows.h>
5: int main(int argc, char **argv)
6: {
7:   return !!argv[argc];
8: }
/* end */

--------------------

have_func: checking for xmlParseDoc() in libxml/parser.h... -------------------- yes

PATH=".;C:/Ruby34-x64/lib;C:\Users\KIIT\Desktop\DaySpring\assesment-client-dayspring\vendor\bundle\ruby\3.4.0\gems\nokogiri-1.19.1\ports\x64-mingw-ucrt\libxslt\1.1.43\bin;C:\Users\KIIT\Desktop\DaySpring\assesment-client-dayspring\vendor\bundle\ruby\3.4.0\gems\nokogiri-1.19.1\ports\x64-mingw-ucrt\libxml2\2.13.9\bin;C:\Users\KIIT\Desktop\DaySpring\assesment-client-dayspring\vendor\bundle\ruby\3.4.0\gems\nokogiri-1.19.1\ports\x64-mingw-ucrt\libiconv\1.18\bin;C:\Ruby34-x64\bin;C:\Ruby34-x64\msys64\ucrt64\bin;C:\Ruby34-x64\msys64\usr\bin;C:\ProgramData\rvm\wrapper;C:\Program Files\Common Files\Oracle\Java\javapath;C:\oracle\product\10.2.0\db_1\bin;C:\Windows\system32;C:\Windows;C:\Windows\System32\Wbem;C:\Windows\System32\WindowsPowerShell\v1.0\;C:\Windows\System32\OpenSSH\;C:\WINDOWS\system32;C:\WINDOWS;C:\WINDOWS\System32\Wbem;C:\WINDOWS\System32\WindowsPowerShell\v1.0\;C:\WINDOWS\System32\OpenSSH\;C:\MinGW\bin;C:\Program Files (x86)\NVIDIA Corporation\PhysX\Common;C:\Program Files\NVIDIA Corporation\NVIDIA app\NvDLISR;C:\ProgramData\chocolatey\bin;C:\Program Files\Git\cmd;C:\Program Files\dotnet\;C:\Program Files\nodejs\;C:\Users\KIIT\AppData\Local\Android\Sdk;C:\Users\KIIT\AppData\Local\Android\Sdk\platform-tools;C:\Users\KIIT\AppData\Local\Android\Sdk\platforms;C:\Users\KIIT\AppData\Local\Android\Sdk\emulator;C:\Users\KIIT\AppData\Local\Android\Sdk\build-tools;C:\ProgramData\rvm\wrapper;C:\Ruby34-x64\bin;C:\Program Files\MySQL\MySQL Shell 8.0\bin\;C:\Users\KIIT\AppData\Local\Microsoft\WindowsApps;C:\Users\KIIT\AppData\Local\Programs\Microsoft VS Code\bin;C:\MinGW\bin;C:\Program Files\JetBrains\IntelliJ IDEA 2024.3\bin;;C:\Program Files\JetBrains\IntelliJ IDEA Community Edition 2024.3\bin;;C:\Users\KIIT\AppData\Roaming\npm;C:\Users\KIIT\AppData\Local\GitHubDesktop\bin;C:\Users\KIIT\AppData\Local\Android\Sdk;C:\Users\KIIT\AppData\Local\Android\Sdk\platform-tools;C:\Users\KIIT\AppData\Local\Android\Sdk\emulator;C:\Users\KIIT\AppData\Local\Android\Sdk\build-tools;C:\Users\KIIT\AppData\Local\Android\Sdk\platforms;C:\Program Files\Microsoft\jdk-17.0.13.11-hotspot\bin" ASAN_OPTIONS=detect_leaks=0 "gcc -o conftest.exe -IC:/Ruby34-x64/include/ruby-3.4.0/x64-mingw-ucrt -IC:/Ruby34-x64/include/ruby-3.4.0/ruby/backward -IC:/Ruby34-x64/include/ruby-3.4.0 -I. -IC:/Users/KIIT/Desktop/DaySpring/assesment-client-dayspring/vendor/bundle/ruby/3.4.0/gems/nokogiri-1.19.1/ports/x64-mingw-ucrt/libxml2/2.13.9/include/libxml2 -IC:/Users/KIIT/Desktop/DaySpring/assesment-client-dayspring/vendor/bundle/ruby/3.4.0/gems/nokogiri-1.19.1/ports/x64-mingw-ucrt/libiconv/1.18/include -DLIBXML_STATIC -DLIBXSLT_STATIC -DLIBEXSLT_STATIC -IC:/Users/KIIT/Desktop/DaySpring/assesment-client-dayspring/vendor/bundle/ruby/3.4.0/gems/nokogiri-1.19.1/ports/x64-mingw-ucrt/libxslt/1.1.43/include -IC:/Users/KIIT/Desktop/DaySpring/assesment-client-dayspring/vendor/bundle/ruby/3.4.0/gems/nokogiri-1.19.1/ports/x64-mingw-ucrt/libxml2/2.13.9/include/libxml2 -IC:/Users/KIIT/Desktop/DaySpring/assesment-client-dayspring/vendor/bundle/ruby/3.4.0/gems/nokogiri-1.19.1/ports/x64-mingw-ucrt/libiconv/1.18/include -DLIBXML_STATIC -D_WIN32_WINNT=0x0600 -D__MINGW_USE_VC2005_COMPAT -D_FILE_OFFSET_BITS=64   "-Idummypath" -IC:/Users/KIIT/Desktop/DaySpring/assesment-client-dayspring/vendor/bundle/ruby/3.4.0/gems/nokogiri-1.19.1/ports/x64-mingw-ucrt/zlib/1.3.1/include -IC:/Users/KIIT/Desktop/DaySpring/assesment-client-dayspring/vendor/bundle/ruby/3.4.0/gems/nokogiri-1.19.1/ports/x64-mingw-ucrt/libiconv/1.18/include -DNOKOGIRI_PACKAGED_LIBRARIES -DNOKOGIRI_LIBXML2_PATCHES="\"0001-Remove-script-macro-support.patch 0002-Update-entities-to-remove-handling-of-ssi.patch 0009-allow-wildcard-namespaces.patch 0010-update-config.guess-and-config.sub-for-libxml2.patch 0011-rip-out-libxml2-s-libc_single_threaded-support.patch 0019-xpath-Use-separate-static-hash-table-for-standard-fu.patch\"" -DNOKOGIRI_LIBXSLT_PATCHES="\"0001-update-config.guess-and-config.sub-for-libxslt.patch\"" -O3 -fstack-protector-strong -std=c99 -Wno-declaration-after-statement -O2 -g -Winline -Wmissing-noreturn -Wconversion conftest.c -L. -LC:/Ruby34-x64/lib -LC:/Users/KIIT/Desktop/DaySpring/assesment-client-dayspring/vendor/bundle/ruby/3.4.0/gems/nokogiri-1.19.1/ports/x64-mingw-ucrt/libiconv/1.18/lib -LC:/Users/KIIT/Desktop/DaySpring/assesment-client-dayspring/vendor/bundle/ruby/3.4.0/gems/nokogiri-1.19.1/ports/x64-mingw-ucrt/zlib/1.3.1/lib -LC:/Users/KIIT/Desktop/DaySpring/assesment-client-dayspring/vendor/bundle/ruby/3.4.0/gems/nokogiri-1.19.1/ports/x64-mingw-ucrt/libxml2/2.13.9/lib -LC:/Users/KIIT/Desktop/DaySpring/assesment-client-dayspring/vendor/bundle/ruby/3.4.0/gems/nokogiri-1.19.1/ports/x64-mingw-ucrt/libxslt/1.1.43/lib -LC:/Ruby34-x64/msys64/ucrt64/lib -L. -pipe -s -fstack-protector-strong -lpthread -Wl,--no-as-needed    C:/Users/KIIT/Desktop/DaySpring/assesment-client-dayspring/vendor/bundle/ruby/3.4.0/gems/nokogiri-1.19.1/ports/x64-mingw-ucrt/libxslt/1.1.43/lib/libexslt.a -lm -lbcrypt -lws2_32 -liconv -llzma -lz C:/Users/KIIT/Desktop/DaySpring/assesment-client-dayspring/vendor/bundle/ruby/3.4.0/gems/nokogiri-1.19.1/ports/x64-mingw-ucrt/libxml2/2.13.9/lib/libxml2.a C:/Users/KIIT/Desktop/DaySpring/assesment-client-dayspring/vendor/bundle/ruby/3.4.0/gems/nokogiri-1.19.1/ports/x64-mingw-ucrt/libxslt/1.1.43/lib/libxslt.a -lbcrypt -lws2_32 -lm -liconv -llzma -lz C:/Users/KIIT/Desktop/DaySpring/assesment-client-dayspring/vendor/bundle/ruby/3.4.0/gems/nokogiri-1.19.1/ports/x64-mingw-ucrt/libxml2/2.13.9/lib/libxml2.a -liconv -lz -llzma -lx64-ucrt-ruby340 C:/Users/KIIT/Desktop/DaySpring/assesment-client-dayspring/vendor/bundle/ruby/3.4.0/gems/nokogiri-1.19.1/ports/x64-mingw-ucrt/libxslt/1.1.43/lib/libexslt.a -lm -lbcrypt -lws2_32 -liconv -llzma -lz C:/Users/KIIT/Desktop/DaySpring/assesment-client-dayspring/vendor/bundle/ruby/3.4.0/gems/nokogiri-1.19.1/ports/x64-mingw-ucrt/libxml2/2.13.9/lib/libxml2.a C:/Users/KIIT/Desktop/DaySpring/assesment-client-dayspring/vendor/bundle/ruby/3.4.0/gems/nokogiri-1.19.1/ports/x64-mingw-ucrt/libxslt/1.1.43/lib/libxslt.a -lbcrypt -lws2_32 -lm -liconv -llzma -lz C:/Users/KIIT/Desktop/DaySpring/assesment-client-dayspring/vendor/bundle/ruby/3.4.0/gems/nokogiri-1.19.1/ports/x64-mingw-ucrt/libxml2/2.13.9/lib/libxml2.a -liconv -lz -llzma -lshell32 -lws2_32 -liphlpapi -limagehlp -lshlwapi -lbcrypt  "
checked program was:
/* begin */
 1: #include "ruby.h"
 2: 
 3: #include <winsock2.h>
 4: #include <windows.h>
 5: #include <libxml/parser.h>
 6: 
 7: /*top*/
 8: extern int t(void);
 9: int main(int argc, char **argv)
10: {
11:   if (argc > 1000000) {
12:     int (* volatile tp)(void)=(int (*)(void))&t;
13:     printf("%d", (*tp)());
14:   }
15: 
16:   return !!argv[argc];
17: }
18: int t(void) { void ((*volatile p)()); p = (void ((*)()))xmlParseDoc; return !p; }
/* end */

--------------------

have_func: checking for xsltParseStylesheetDoc() in libxslt/xslt.h... -------------------- yes

PATH=".;C:/Ruby34-x64/lib;C:\Users\KIIT\Desktop\DaySpring\assesment-client-dayspring\vendor\bundle\ruby\3.4.0\gems\nokogiri-1.19.1\ports\x64-mingw-ucrt\libxslt\1.1.43\bin;C:\Users\KIIT\Desktop\DaySpring\assesment-client-dayspring\vendor\bundle\ruby\3.4.0\gems\nokogiri-1.19.1\ports\x64-mingw-ucrt\libxml2\2.13.9\bin;C:\Users\KIIT\Desktop\DaySpring\assesment-client-dayspring\vendor\bundle\ruby\3.4.0\gems\nokogiri-1.19.1\ports\x64-mingw-ucrt\libiconv\1.18\bin;C:\Ruby34-x64\bin;C:\Ruby34-x64\msys64\ucrt64\bin;C:\Ruby34-x64\msys64\usr\bin;C:\ProgramData\rvm\wrapper;C:\Program Files\Common Files\Oracle\Java\javapath;C:\oracle\product\10.2.0\db_1\bin;C:\Windows\system32;C:\Windows;C:\Windows\System32\Wbem;C:\Windows\System32\WindowsPowerShell\v1.0\;C:\Windows\System32\OpenSSH\;C:\WINDOWS\system32;C:\WINDOWS;C:\WINDOWS\System32\Wbem;C:\WINDOWS\System32\WindowsPowerShell\v1.0\;C:\WINDOWS\System32\OpenSSH\;C:\MinGW\bin;C:\Program Files (x86)\NVIDIA Corporation\PhysX\Common;C:\Program Files\NVIDIA Corporation\NVIDIA app\NvDLISR;C:\ProgramData\chocolatey\bin;C:\Program Files\Git\cmd;C:\Program Files\dotnet\;C:\Program Files\nodejs\;C:\Users\KIIT\AppData\Local\Android\Sdk;C:\Users\KIIT\AppData\Local\Android\Sdk\platform-tools;C:\Users\KIIT\AppData\Local\Android\Sdk\platforms;C:\Users\KIIT\AppData\Local\Android\Sdk\emulator;C:\Users\KIIT\AppData\Local\Android\Sdk\build-tools;C:\ProgramData\rvm\wrapper;C:\Ruby34-x64\bin;C:\Program Files\MySQL\MySQL Shell 8.0\bin\;C:\Users\KIIT\AppData\Local\Microsoft\WindowsApps;C:\Users\KIIT\AppData\Local\Programs\Microsoft VS Code\bin;C:\MinGW\bin;C:\Program Files\JetBrains\IntelliJ IDEA 2024.3\bin;;C:\Program Files\JetBrains\IntelliJ IDEA Community Edition 2024.3\bin;;C:\Users\KIIT\AppData\Roaming\npm;C:\Users\KIIT\AppData\Local\GitHubDesktop\bin;C:\Users\KIIT\AppData\Local\Android\Sdk;C:\Users\KIIT\AppData\Local\Android\Sdk\platform-tools;C:\Users\KIIT\AppData\Local\Android\Sdk\emulator;C:\Users\KIIT\AppData\Local\Android\Sdk\build-tools;C:\Users\KIIT\AppData\Local\Android\Sdk\platforms;C:\Program Files\Microsoft\jdk-17.0.13.11-hotspot\bin" ASAN_OPTIONS=detect_leaks=0 "gcc -o conftest.exe -IC:/Ruby34-x64/include/ruby-3.4.0/x64-mingw-ucrt -IC:/Ruby34-x64/include/ruby-3.4.0/ruby/backward -IC:/Ruby34-x64/include/ruby-3.4.0 -I. -IC:/Users/KIIT/Desktop/DaySpring/assesment-client-dayspring/vendor/bundle/ruby/3.4.0/gems/nokogiri-1.19.1/ports/x64-mingw-ucrt/libxml2/2.13.9/include/libxml2 -IC:/Users/KIIT/Desktop/DaySpring/assesment-client-dayspring/vendor/bundle/ruby/3.4.0/gems/nokogiri-1.19.1/ports/x64-mingw-ucrt/libiconv/1.18/include -DLIBXML_STATIC -DLIBXSLT_STATIC -DLIBEXSLT_STATIC -IC:/Users/KIIT/Desktop/DaySpring/assesment-client-dayspring/vendor/bundle/ruby/3.4.0/gems/nokogiri-1.19.1/ports/x64-mingw-ucrt/libxslt/1.1.43/include -IC:/Users/KIIT/Desktop/DaySpring/assesment-client-dayspring/vendor/bundle/ruby/3.4.0/gems/nokogiri-1.19.1/ports/x64-mingw-ucrt/libxml2/2.13.9/include/libxml2 -IC:/Users/KIIT/Desktop/DaySpring/assesment-client-dayspring/vendor/bundle/ruby/3.4.0/gems/nokogiri-1.19.1/ports/x64-mingw-ucrt/libiconv/1.18/include -DLIBXML_STATIC -D_WIN32_WINNT=0x0600 -D__MINGW_USE_VC2005_COMPAT -D_FILE_OFFSET_BITS=64   "-Idummypath" -IC:/Users/KIIT/Desktop/DaySpring/assesment-client-dayspring/vendor/bundle/ruby/3.4.0/gems/nokogiri-1.19.1/ports/x64-mingw-ucrt/zlib/1.3.1/include -IC:/Users/KIIT/Desktop/DaySpring/assesment-client-dayspring/vendor/bundle/ruby/3.4.0/gems/nokogiri-1.19.1/ports/x64-mingw-ucrt/libiconv/1.18/include -DNOKOGIRI_PACKAGED_LIBRARIES -DNOKOGIRI_LIBXML2_PATCHES="\"0001-Remove-script-macro-support.patch 0002-Update-entities-to-remove-handling-of-ssi.patch 0009-allow-wildcard-namespaces.patch 0010-update-config.guess-and-config.sub-for-libxml2.patch 0011-rip-out-libxml2-s-libc_single_threaded-support.patch 0019-xpath-Use-separate-static-hash-table-for-standard-fu.patch\"" -DNOKOGIRI_LIBXSLT_PATCHES="\"0001-update-config.guess-and-config.sub-for-libxslt.patch\"" -O3 -fstack-protector-strong -std=c99 -Wno-declaration-after-statement -O2 -g -Winline -Wmissing-noreturn -Wconversion conftest.c -L. -LC:/Ruby34-x64/lib -LC:/Users/KIIT/Desktop/DaySpring/assesment-client-dayspring/vendor/bundle/ruby/3.4.0/gems/nokogiri-1.19.1/ports/x64-mingw-ucrt/libiconv/1.18/lib -LC:/Users/KIIT/Desktop/DaySpring/assesment-client-dayspring/vendor/bundle/ruby/3.4.0/gems/nokogiri-1.19.1/ports/x64-mingw-ucrt/zlib/1.3.1/lib -LC:/Users/KIIT/Desktop/DaySpring/assesment-client-dayspring/vendor/bundle/ruby/3.4.0/gems/nokogiri-1.19.1/ports/x64-mingw-ucrt/libxml2/2.13.9/lib -LC:/Users/KIIT/Desktop/DaySpring/assesment-client-dayspring/vendor/bundle/ruby/3.4.0/gems/nokogiri-1.19.1/ports/x64-mingw-ucrt/libxslt/1.1.43/lib -LC:/Ruby34-x64/msys64/ucrt64/lib -L. -pipe -s -fstack-protector-strong -lpthread -Wl,--no-as-needed    C:/Users/KIIT/Desktop/DaySpring/assesment-client-dayspring/vendor/bundle/ruby/3.4.0/gems/nokogiri-1.19.1/ports/x64-mingw-ucrt/libxslt/1.1.43/lib/libexslt.a -lm -lbcrypt -lws2_32 -liconv -llzma -lz C:/Users/KIIT/Desktop/DaySpring/assesment-client-dayspring/vendor/bundle/ruby/3.4.0/gems/nokogiri-1.19.1/ports/x64-mingw-ucrt/libxml2/2.13.9/lib/libxml2.a C:/Users/KIIT/Desktop/DaySpring/assesment-client-dayspring/vendor/bundle/ruby/3.4.0/gems/nokogiri-1.19.1/ports/x64-mingw-ucrt/libxslt/1.1.43/lib/libxslt.a -lbcrypt -lws2_32 -lm -liconv -llzma -lz C:/Users/KIIT/Desktop/DaySpring/assesment-client-dayspring/vendor/bundle/ruby/3.4.0/gems/nokogiri-1.19.1/ports/x64-mingw-ucrt/libxml2/2.13.9/lib/libxml2.a -liconv -lz -llzma -lx64-ucrt-ruby340 C:/Users/KIIT/Desktop/DaySpring/assesment-client-dayspring/vendor/bundle/ruby/3.4.0/gems/nokogiri-1.19.1/ports/x64-mingw-ucrt/libxslt/1.1.43/lib/libexslt.a -lm -lbcrypt -lws2_32 -liconv -llzma -lz C:/Users/KIIT/Desktop/DaySpring/assesment-client-dayspring/vendor/bundle/ruby/3.4.0/gems/nokogiri-1.19.1/ports/x64-mingw-ucrt/libxml2/2.13.9/lib/libxml2.a C:/Users/KIIT/Desktop/DaySpring/assesment-client-dayspring/vendor/bundle/ruby/3.4.0/gems/nokogiri-1.19.1/ports/x64-mingw-ucrt/libxslt/1.1.43/lib/libxslt.a -lbcrypt -lws2_32 -lm -liconv -llzma -lz C:/Users/KIIT/Desktop/DaySpring/assesment-client-dayspring/vendor/bundle/ruby/3.4.0/gems/nokogiri-1.19.1/ports/x64-mingw-ucrt/libxml2/2.13.9/lib/libxml2.a -liconv -lz -llzma -lshell32 -lws2_32 -liphlpapi -limagehlp -lshlwapi -lbcrypt  "
conftest.c: In function 't':
conftest.c:18:57: error: 'xsltParseStylesheetDoc' undeclared (first use in this function)
   18 | int t(void) { void ((*volatile p)()); p = (void ((*)()))xsltParseStylesheetDoc; return !p; }
      |                                                         ^~~~~~~~~~~~~~~~~~~~~~
conftest.c:18:57: note: each undeclared identifier is reported only once for each function it appears in
checked program was:
/* begin */
 1: #include "ruby.h"
 2: 
 3: #include <winsock2.h>
 4: #include <windows.h>
 5: #include <libxslt/xslt.h>
 6: 
 7: /*top*/
 8: extern int t(void);
 9: int main(int argc, char **argv)
10: {
11:   if (argc > 1000000) {
12:     int (* volatile tp)(void)=(int (*)(void))&t;
13:     printf("%d", (*tp)());
14:   }
15: 
16:   return !!argv[argc];
17: }
18: int t(void) { void ((*volatile p)()); p = (void ((*)()))xsltParseStylesheetDoc; return !p; }
/* end */

PATH=".;C:/Ruby34-x64/lib;C:\Users\KIIT\Desktop\DaySpring\assesment-client-dayspring\vendor\bundle\ruby\3.4.0\gems\nokogiri-1.19.1\ports\x64-mingw-ucrt\libxslt\1.1.43\bin;C:\Users\KIIT\Desktop\DaySpring\assesment-client-dayspring\vendor\bundle\ruby\3.4.0\gems\nokogiri-1.19.1\ports\x64-mingw-ucrt\libxml2\2.13.9\bin;C:\Users\KIIT\Desktop\DaySpring\assesment-client-dayspring\vendor\bundle\ruby\3.4.0\gems\nokogiri-1.19.1\ports\x64-mingw-ucrt\libiconv\1.18\bin;C:\Ruby34-x64\bin;C:\Ruby34-x64\msys64\ucrt64\bin;C:\Ruby34-x64\msys64\usr\bin;C:\ProgramData\rvm\wrapper;C:\Program Files\Common Files\Oracle\Java\javapath;C:\oracle\product\10.2.0\db_1\bin;C:\Windows\system32;C:\Windows;C:\Windows\System32\Wbem;C:\Windows\System32\WindowsPowerShell\v1.0\;C:\Windows\System32\OpenSSH\;C:\WINDOWS\system32;C:\WINDOWS;C:\WINDOWS\System32\Wbem;C:\WINDOWS\System32\WindowsPowerShell\v1.0\;C:\WINDOWS\System32\OpenSSH\;C:\MinGW\bin;C:\Program Files (x86)\NVIDIA Corporation\PhysX\Common;C:\Program Files\NVIDIA Corporation\NVIDIA app\NvDLISR;C:\ProgramData\chocolatey\bin;C:\Program Files\Git\cmd;C:\Program Files\dotnet\;C:\Program Files\nodejs\;C:\Users\KIIT\AppData\Local\Android\Sdk;C:\Users\KIIT\AppData\Local\Android\Sdk\platform-tools;C:\Users\KIIT\AppData\Local\Android\Sdk\platforms;C:\Users\KIIT\AppData\Local\Android\Sdk\emulator;C:\Users\KIIT\AppData\Local\Android\Sdk\build-tools;C:\ProgramData\rvm\wrapper;C:\Ruby34-x64\bin;C:\Program Files\MySQL\MySQL Shell 8.0\bin\;C:\Users\KIIT\AppData\Local\Microsoft\WindowsApps;C:\Users\KIIT\AppData\Local\Programs\Microsoft VS Code\bin;C:\MinGW\bin;C:\Program Files\JetBrains\IntelliJ IDEA 2024.3\bin;;C:\Program Files\JetBrains\IntelliJ IDEA Community Edition 2024.3\bin;;C:\Users\KIIT\AppData\Roaming\npm;C:\Users\KIIT\AppData\Local\GitHubDesktop\bin;C:\Users\KIIT\AppData\Local\Android\Sdk;C:\Users\KIIT\AppData\Local\Android\Sdk\platform-tools;C:\Users\KIIT\AppData\Local\Android\Sdk\emulator;C:\Users\KIIT\AppData\Local\Android\Sdk\build-tools;C:\Users\KIIT\AppData\Local\Android\Sdk\platforms;C:\Program Files\Microsoft\jdk-17.0.13.11-hotspot\bin" ASAN_OPTIONS=detect_leaks=0 "gcc -o conftest.exe -IC:/Ruby34-x64/include/ruby-3.4.0/x64-mingw-ucrt -IC:/Ruby34-x64/include/ruby-3.4.0/ruby/backward -IC:/Ruby34-x64/include/ruby-3.4.0 -I. -IC:/Users/KIIT/Desktop/DaySpring/assesment-client-dayspring/vendor/bundle/ruby/3.4.0/gems/nokogiri-1.19.1/ports/x64-mingw-ucrt/libxml2/2.13.9/include/libxml2 -IC:/Users/KIIT/Desktop/DaySpring/assesment-client-dayspring/vendor/bundle/ruby/3.4.0/gems/nokogiri-1.19.1/ports/x64-mingw-ucrt/libiconv/1.18/include -DLIBXML_STATIC -DLIBXSLT_STATIC -DLIBEXSLT_STATIC -IC:/Users/KIIT/Desktop/DaySpring/assesment-client-dayspring/vendor/bundle/ruby/3.4.0/gems/nokogiri-1.19.1/ports/x64-mingw-ucrt/libxslt/1.1.43/include -IC:/Users/KIIT/Desktop/DaySpring/assesment-client-dayspring/vendor/bundle/ruby/3.4.0/gems/nokogiri-1.19.1/ports/x64-mingw-ucrt/libxml2/2.13.9/include/libxml2 -IC:/Users/KIIT/Desktop/DaySpring/assesment-client-dayspring/vendor/bundle/ruby/3.4.0/gems/nokogiri-1.19.1/ports/x64-mingw-ucrt/libiconv/1.18/include -DLIBXML_STATIC -D_WIN32_WINNT=0x0600 -D__MINGW_USE_VC2005_COMPAT -D_FILE_OFFSET_BITS=64   "-Idummypath" -IC:/Users/KIIT/Desktop/DaySpring/assesment-client-dayspring/vendor/bundle/ruby/3.4.0/gems/nokogiri-1.19.1/ports/x64-mingw-ucrt/zlib/1.3.1/include -IC:/Users/KIIT/Desktop/DaySpring/assesment-client-dayspring/vendor/bundle/ruby/3.4.0/gems/nokogiri-1.19.1/ports/x64-mingw-ucrt/libiconv/1.18/include -DNOKOGIRI_PACKAGED_LIBRARIES -DNOKOGIRI_LIBXML2_PATCHES="\"0001-Remove-script-macro-support.patch 0002-Update-entities-to-remove-handling-of-ssi.patch 0009-allow-wildcard-namespaces.patch 0010-update-config.guess-and-config.sub-for-libxml2.patch 0011-rip-out-libxml2-s-libc_single_threaded-support.patch 0019-xpath-Use-separate-static-hash-table-for-standard-fu.patch\"" -DNOKOGIRI_LIBXSLT_PATCHES="\"0001-update-config.guess-and-config.sub-for-libxslt.patch\"" -O3 -fstack-protector-strong -std=c99 -Wno-declaration-after-statement -O2 -g -Winline -Wmissing-noreturn -Wconversion conftest.c -L. -LC:/Ruby34-x64/lib -LC:/Users/KIIT/Desktop/DaySpring/assesment-client-dayspring/vendor/bundle/ruby/3.4.0/gems/nokogiri-1.19.1/ports/x64-mingw-ucrt/libiconv/1.18/lib -LC:/Users/KIIT/Desktop/DaySpring/assesment-client-dayspring/vendor/bundle/ruby/3.4.0/gems/nokogiri-1.19.1/ports/x64-mingw-ucrt/zlib/1.3.1/lib -LC:/Users/KIIT/Desktop/DaySpring/assesment-client-dayspring/vendor/bundle/ruby/3.4.0/gems/nokogiri-1.19.1/ports/x64-mingw-ucrt/libxml2/2.13.9/lib -LC:/Users/KIIT/Desktop/DaySpring/assesment-client-dayspring/vendor/bundle/ruby/3.4.0/gems/nokogiri-1.19.1/ports/x64-mingw-ucrt/libxslt/1.1.43/lib -LC:/Ruby34-x64/msys64/ucrt64/lib -L. -pipe -s -fstack-protector-strong -lpthread -Wl,--no-as-needed    C:/Users/KIIT/Desktop/DaySpring/assesment-client-dayspring/vendor/bundle/ruby/3.4.0/gems/nokogiri-1.19.1/ports/x64-mingw-ucrt/libxslt/1.1.43/lib/libexslt.a -lm -lbcrypt -lws2_32 -liconv -llzma -lz C:/Users/KIIT/Desktop/DaySpring/assesment-client-dayspring/vendor/bundle/ruby/3.4.0/gems/nokogiri-1.19.1/ports/x64-mingw-ucrt/libxml2/2.13.9/lib/libxml2.a C:/Users/KIIT/Desktop/DaySpring/assesment-client-dayspring/vendor/bundle/ruby/3.4.0/gems/nokogiri-1.19.1/ports/x64-mingw-ucrt/libxslt/1.1.43/lib/libxslt.a -lbcrypt -lws2_32 -lm -liconv -llzma -lz C:/Users/KIIT/Desktop/DaySpring/assesment-client-dayspring/vendor/bundle/ruby/3.4.0/gems/nokogiri-1.19.1/ports/x64-mingw-ucrt/libxml2/2.13.9/lib/libxml2.a -liconv -lz -llzma -lx64-ucrt-ruby340 C:/Users/KIIT/Desktop/DaySpring/assesment-client-dayspring/vendor/bundle/ruby/3.4.0/gems/nokogiri-1.19.1/ports/x64-mingw-ucrt/libxslt/1.1.43/lib/libexslt.a -lm -lbcrypt -lws2_32 -liconv -llzma -lz C:/Users/KIIT/Desktop/DaySpring/assesment-client-dayspring/vendor/bundle/ruby/3.4.0/gems/nokogiri-1.19.1/ports/x64-mingw-ucrt/libxml2/2.13.9/lib/libxml2.a C:/Users/KIIT/Desktop/DaySpring/assesment-client-dayspring/vendor/bundle/ruby/3.4.0/gems/nokogiri-1.19.1/ports/x64-mingw-ucrt/libxslt/1.1.43/lib/libxslt.a -lbcrypt -lws2_32 -lm -liconv -llzma -lz C:/Users/KIIT/Desktop/DaySpring/assesment-client-dayspring/vendor/bundle/ruby/3.4.0/gems/nokogiri-1.19.1/ports/x64-mingw-ucrt/libxml2/2.13.9/lib/libxml2.a -liconv -lz -llzma -lshell32 -lws2_32 -liphlpapi -limagehlp -lshlwapi -lbcrypt  "
checked program was:
/* begin */
 1: #include "ruby.h"
 2: 
 3: #include <winsock2.h>
 4: #include <windows.h>
 5: #include <libxslt/xslt.h>
 6: 
 7: /*top*/
 8: extern int t(void);
 9: int main(int argc, char **argv)
10: {
11:   if (argc > 1000000) {
12:     int (* volatile tp)(void)=(int (*)(void))&t;
13:     printf("%d", (*tp)());
14:   }
15: 
16:   return !!argv[argc];
17: }
18: extern void xsltParseStylesheetDoc();
19: int t(void) { xsltParseStylesheetDoc(); return 0; }
/* end */

--------------------

have_func: checking for exsltFuncRegister() in libexslt/exslt.h... -------------------- yes

PATH=".;C:/Ruby34-x64/lib;C:\Users\KIIT\Desktop\DaySpring\assesment-client-dayspring\vendor\bundle\ruby\3.4.0\gems\nokogiri-1.19.1\ports\x64-mingw-ucrt\libxslt\1.1.43\bin;C:\Users\KIIT\Desktop\DaySpring\assesment-client-dayspring\vendor\bundle\ruby\3.4.0\gems\nokogiri-1.19.1\ports\x64-mingw-ucrt\libxml2\2.13.9\bin;C:\Users\KIIT\Desktop\DaySpring\assesment-client-dayspring\vendor\bundle\ruby\3.4.0\gems\nokogiri-1.19.1\ports\x64-mingw-ucrt\libiconv\1.18\bin;C:\Ruby34-x64\bin;C:\Ruby34-x64\msys64\ucrt64\bin;C:\Ruby34-x64\msys64\usr\bin;C:\ProgramData\rvm\wrapper;C:\Program Files\Common Files\Oracle\Java\javapath;C:\oracle\product\10.2.0\db_1\bin;C:\Windows\system32;C:\Windows;C:\Windows\System32\Wbem;C:\Windows\System32\WindowsPowerShell\v1.0\;C:\Windows\System32\OpenSSH\;C:\WINDOWS\system32;C:\WINDOWS;C:\WINDOWS\System32\Wbem;C:\WINDOWS\System32\WindowsPowerShell\v1.0\;C:\WINDOWS\System32\OpenSSH\;C:\MinGW\bin;C:\Program Files (x86)\NVIDIA Corporation\PhysX\Common;C:\Program Files\NVIDIA Corporation\NVIDIA app\NvDLISR;C:\ProgramData\chocolatey\bin;C:\Program Files\Git\cmd;C:\Program Files\dotnet\;C:\Program Files\nodejs\;C:\Users\KIIT\AppData\Local\Android\Sdk;C:\Users\KIIT\AppData\Local\Android\Sdk\platform-tools;C:\Users\KIIT\AppData\Local\Android\Sdk\platforms;C:\Users\KIIT\AppData\Local\Android\Sdk\emulator;C:\Users\KIIT\AppData\Local\Android\Sdk\build-tools;C:\ProgramData\rvm\wrapper;C:\Ruby34-x64\bin;C:\Program Files\MySQL\MySQL Shell 8.0\bin\;C:\Users\KIIT\AppData\Local\Microsoft\WindowsApps;C:\Users\KIIT\AppData\Local\Programs\Microsoft VS Code\bin;C:\MinGW\bin;C:\Program Files\JetBrains\IntelliJ IDEA 2024.3\bin;;C:\Program Files\JetBrains\IntelliJ IDEA Community Edition 2024.3\bin;;C:\Users\KIIT\AppData\Roaming\npm;C:\Users\KIIT\AppData\Local\GitHubDesktop\bin;C:\Users\KIIT\AppData\Local\Android\Sdk;C:\Users\KIIT\AppData\Local\Android\Sdk\platform-tools;C:\Users\KIIT\AppData\Local\Android\Sdk\emulator;C:\Users\KIIT\AppData\Local\Android\Sdk\build-tools;C:\Users\KIIT\AppData\Local\Android\Sdk\platforms;C:\Program Files\Microsoft\jdk-17.0.13.11-hotspot\bin" ASAN_OPTIONS=detect_leaks=0 "gcc -o conftest.exe -IC:/Ruby34-x64/include/ruby-3.4.0/x64-mingw-ucrt -IC:/Ruby34-x64/include/ruby-3.4.0/ruby/backward -IC:/Ruby34-x64/include/ruby-3.4.0 -I. -IC:/Users/KIIT/Desktop/DaySpring/assesment-client-dayspring/vendor/bundle/ruby/3.4.0/gems/nokogiri-1.19.1/ports/x64-mingw-ucrt/libxml2/2.13.9/include/libxml2 -IC:/Users/KIIT/Desktop/DaySpring/assesment-client-dayspring/vendor/bundle/ruby/3.4.0/gems/nokogiri-1.19.1/ports/x64-mingw-ucrt/libiconv/1.18/include -DLIBXML_STATIC -DLIBXSLT_STATIC -DLIBEXSLT_STATIC -IC:/Users/KIIT/Desktop/DaySpring/assesment-client-dayspring/vendor/bundle/ruby/3.4.0/gems/nokogiri-1.19.1/ports/x64-mingw-ucrt/libxslt/1.1.43/include -IC:/Users/KIIT/Desktop/DaySpring/assesment-client-dayspring/vendor/bundle/ruby/3.4.0/gems/nokogiri-1.19.1/ports/x64-mingw-ucrt/libxml2/2.13.9/include/libxml2 -IC:/Users/KIIT/Desktop/DaySpring/assesment-client-dayspring/vendor/bundle/ruby/3.4.0/gems/nokogiri-1.19.1/ports/x64-mingw-ucrt/libiconv/1.18/include -DLIBXML_STATIC -D_WIN32_WINNT=0x0600 -D__MINGW_USE_VC2005_COMPAT -D_FILE_OFFSET_BITS=64   "-Idummypath" -IC:/Users/KIIT/Desktop/DaySpring/assesment-client-dayspring/vendor/bundle/ruby/3.4.0/gems/nokogiri-1.19.1/ports/x64-mingw-ucrt/zlib/1.3.1/include -IC:/Users/KIIT/Desktop/DaySpring/assesment-client-dayspring/vendor/bundle/ruby/3.4.0/gems/nokogiri-1.19.1/ports/x64-mingw-ucrt/libiconv/1.18/include -DNOKOGIRI_PACKAGED_LIBRARIES -DNOKOGIRI_LIBXML2_PATCHES="\"0001-Remove-script-macro-support.patch 0002-Update-entities-to-remove-handling-of-ssi.patch 0009-allow-wildcard-namespaces.patch 0010-update-config.guess-and-config.sub-for-libxml2.patch 0011-rip-out-libxml2-s-libc_single_threaded-support.patch 0019-xpath-Use-separate-static-hash-table-for-standard-fu.patch\"" -DNOKOGIRI_LIBXSLT_PATCHES="\"0001-update-config.guess-and-config.sub-for-libxslt.patch\"" -O3 -fstack-protector-strong -std=c99 -Wno-declaration-after-statement -O2 -g -Winline -Wmissing-noreturn -Wconversion conftest.c -L. -LC:/Ruby34-x64/lib -LC:/Users/KIIT/Desktop/DaySpring/assesment-client-dayspring/vendor/bundle/ruby/3.4.0/gems/nokogiri-1.19.1/ports/x64-mingw-ucrt/libiconv/1.18/lib -LC:/Users/KIIT/Desktop/DaySpring/assesment-client-dayspring/vendor/bundle/ruby/3.4.0/gems/nokogiri-1.19.1/ports/x64-mingw-ucrt/zlib/1.3.1/lib -LC:/Users/KIIT/Desktop/DaySpring/assesment-client-dayspring/vendor/bundle/ruby/3.4.0/gems/nokogiri-1.19.1/ports/x64-mingw-ucrt/libxml2/2.13.9/lib -LC:/Users/KIIT/Desktop/DaySpring/assesment-client-dayspring/vendor/bundle/ruby/3.4.0/gems/nokogiri-1.19.1/ports/x64-mingw-ucrt/libxslt/1.1.43/lib -LC:/Ruby34-x64/msys64/ucrt64/lib -L. -pipe -s -fstack-protector-strong -lpthread -Wl,--no-as-needed    C:/Users/KIIT/Desktop/DaySpring/assesment-client-dayspring/vendor/bundle/ruby/3.4.0/gems/nokogiri-1.19.1/ports/x64-mingw-ucrt/libxslt/1.1.43/lib/libexslt.a -lm -lbcrypt -lws2_32 -liconv -llzma -lz C:/Users/KIIT/Desktop/DaySpring/assesment-client-dayspring/vendor/bundle/ruby/3.4.0/gems/nokogiri-1.19.1/ports/x64-mingw-ucrt/libxml2/2.13.9/lib/libxml2.a C:/Users/KIIT/Desktop/DaySpring/assesment-client-dayspring/vendor/bundle/ruby/3.4.0/gems/nokogiri-1.19.1/ports/x64-mingw-ucrt/libxslt/1.1.43/lib/libxslt.a -lbcrypt -lws2_32 -lm -liconv -llzma -lz C:/Users/KIIT/Desktop/DaySpring/assesment-client-dayspring/vendor/bundle/ruby/3.4.0/gems/nokogiri-1.19.1/ports/x64-mingw-ucrt/libxml2/2.13.9/lib/libxml2.a -liconv -lz -llzma -lx64-ucrt-ruby340 C:/Users/KIIT/Desktop/DaySpring/assesment-client-dayspring/vendor/bundle/ruby/3.4.0/gems/nokogiri-1.19.1/ports/x64-mingw-ucrt/libxslt/1.1.43/lib/libexslt.a -lm -lbcrypt -lws2_32 -liconv -llzma -lz C:/Users/KIIT/Desktop/DaySpring/assesment-client-dayspring/vendor/bundle/ruby/3.4.0/gems/nokogiri-1.19.1/ports/x64-mingw-ucrt/libxml2/2.13.9/lib/libxml2.a C:/Users/KIIT/Desktop/DaySpring/assesment-client-dayspring/vendor/bundle/ruby/3.4.0/gems/nokogiri-1.19.1/ports/x64-mingw-ucrt/libxslt/1.1.43/lib/libxslt.a -lbcrypt -lws2_32 -lm -liconv -llzma -lz C:/Users/KIIT/Desktop/DaySpring/assesment-client-dayspring/vendor/bundle/ruby/3.4.0/gems/nokogiri-1.19.1/ports/x64-mingw-ucrt/libxml2/2.13.9/lib/libxml2.a -liconv -lz -llzma -lshell32 -lws2_32 -liphlpapi -limagehlp -lshlwapi -lbcrypt  "
checked program was:
/* begin */
 1: #include "ruby.h"
 2: 
 3: #include <winsock2.h>
 4: #include <windows.h>
 5: #include <libexslt/exslt.h>
 6: 
 7: /*top*/
 8: extern int t(void);
 9: int main(int argc, char **argv)
10: {
11:   if (argc > 1000000) {
12:     int (* volatile tp)(void)=(int (*)(void))&t;
13:     printf("%d", (*tp)());
14:   }
15: 
16:   return !!argv[argc];
17: }
18: int t(void) { void ((*volatile p)()); p = (void ((*)()))exsltFuncRegister; return !p; }
/* end */

--------------------

append_cppflags: checking for whether -IC:/Users/KIIT/Desktop/DaySpring/assesment-client-dayspring/vendor/bundle/ruby/3.4.0/gems/nokogiri-1.19.1/ext/nokogiri/ports/x64-mingw-ucrt/libgumbo/1.0.0-nokogiri/include is accepted as CPPFLAGS... -------------------- yes

PATH=".;C:/Ruby34-x64/lib;C:\Users\KIIT\Desktop\DaySpring\assesment-client-dayspring\vendor\bundle\ruby\3.4.0\gems\nokogiri-1.19.1\ports\x64-mingw-ucrt\libxslt\1.1.43\bin;C:\Users\KIIT\Desktop\DaySpring\assesment-client-dayspring\vendor\bundle\ruby\3.4.0\gems\nokogiri-1.19.1\ports\x64-mingw-ucrt\libxml2\2.13.9\bin;C:\Users\KIIT\Desktop\DaySpring\assesment-client-dayspring\vendor\bundle\ruby\3.4.0\gems\nokogiri-1.19.1\ports\x64-mingw-ucrt\libiconv\1.18\bin;C:\Ruby34-x64\bin;C:\Ruby34-x64\msys64\ucrt64\bin;C:\Ruby34-x64\msys64\usr\bin;C:\ProgramData\rvm\wrapper;C:\Program Files\Common Files\Oracle\Java\javapath;C:\oracle\product\10.2.0\db_1\bin;C:\Windows\system32;C:\Windows;C:\Windows\System32\Wbem;C:\Windows\System32\WindowsPowerShell\v1.0\;C:\Windows\System32\OpenSSH\;C:\WINDOWS\system32;C:\WINDOWS;C:\WINDOWS\System32\Wbem;C:\WINDOWS\System32\WindowsPowerShell\v1.0\;C:\WINDOWS\System32\OpenSSH\;C:\MinGW\bin;C:\Program Files (x86)\NVIDIA Corporation\PhysX\Common;C:\Program Files\NVIDIA Corporation\NVIDIA app\NvDLISR;C:\ProgramData\chocolatey\bin;C:\Program Files\Git\cmd;C:\Program Files\dotnet\;C:\Program Files\nodejs\;C:\Users\KIIT\AppData\Local\Android\Sdk;C:\Users\KIIT\AppData\Local\Android\Sdk\platform-tools;C:\Users\KIIT\AppData\Local\Android\Sdk\platforms;C:\Users\KIIT\AppData\Local\Android\Sdk\emulator;C:\Users\KIIT\AppData\Local\Android\Sdk\build-tools;C:\ProgramData\rvm\wrapper;C:\Ruby34-x64\bin;C:\Program Files\MySQL\MySQL Shell 8.0\bin\;C:\Users\KIIT\AppData\Local\Microsoft\WindowsApps;C:\Users\KIIT\AppData\Local\Programs\Microsoft VS Code\bin;C:\MinGW\bin;C:\Program Files\JetBrains\IntelliJ IDEA 2024.3\bin;;C:\Program Files\JetBrains\IntelliJ IDEA Community Edition 2024.3\bin;;C:\Users\KIIT\AppData\Roaming\npm;C:\Users\KIIT\AppData\Local\GitHubDesktop\bin;C:\Users\KIIT\AppData\Local\Android\Sdk;C:\Users\KIIT\AppData\Local\Android\Sdk\platform-tools;C:\Users\KIIT\AppData\Local\Android\Sdk\emulator;C:\Users\KIIT\AppData\Local\Android\Sdk\build-tools;C:\Users\KIIT\AppData\Local\Android\Sdk\platforms;C:\Program Files\Microsoft\jdk-17.0.13.11-hotspot\bin" ASAN_OPTIONS=detect_leaks=0 "gcc -IC:/Ruby34-x64/include/ruby-3.4.0/x64-mingw-ucrt -IC:/Ruby34-x64/include/ruby-3.4.0/ruby/backward -IC:/Ruby34-x64/include/ruby-3.4.0 -I. -IC:/Users/KIIT/Desktop/DaySpring/assesment-client-dayspring/vendor/bundle/ruby/3.4.0/gems/nokogiri-1.19.1/ports/x64-mingw-ucrt/libxml2/2.13.9/include/libxml2 -IC:/Users/KIIT/Desktop/DaySpring/assesment-client-dayspring/vendor/bundle/ruby/3.4.0/gems/nokogiri-1.19.1/ports/x64-mingw-ucrt/libiconv/1.18/include -DLIBXML_STATIC -DLIBXSLT_STATIC -DLIBEXSLT_STATIC -IC:/Users/KIIT/Desktop/DaySpring/assesment-client-dayspring/vendor/bundle/ruby/3.4.0/gems/nokogiri-1.19.1/ports/x64-mingw-ucrt/libxslt/1.1.43/include -IC:/Users/KIIT/Desktop/DaySpring/assesment-client-dayspring/vendor/bundle/ruby/3.4.0/gems/nokogiri-1.19.1/ports/x64-mingw-ucrt/libxml2/2.13.9/include/libxml2 -IC:/Users/KIIT/Desktop/DaySpring/assesment-client-dayspring/vendor/bundle/ruby/3.4.0/gems/nokogiri-1.19.1/ports/x64-mingw-ucrt/libiconv/1.18/include -DLIBXML_STATIC -D_WIN32_WINNT=0x0600 -D__MINGW_USE_VC2005_COMPAT -D_FILE_OFFSET_BITS=64   "-Idummypath" -IC:/Users/KIIT/Desktop/DaySpring/assesment-client-dayspring/vendor/bundle/ruby/3.4.0/gems/nokogiri-1.19.1/ports/x64-mingw-ucrt/zlib/1.3.1/include -IC:/Users/KIIT/Desktop/DaySpring/assesment-client-dayspring/vendor/bundle/ruby/3.4.0/gems/nokogiri-1.19.1/ports/x64-mingw-ucrt/libiconv/1.18/include -DNOKOGIRI_PACKAGED_LIBRARIES -DNOKOGIRI_LIBXML2_PATCHES="\"0001-Remove-script-macro-support.patch 0002-Update-entities-to-remove-handling-of-ssi.patch 0009-allow-wildcard-namespaces.patch 0010-update-config.guess-and-config.sub-for-libxml2.patch 0011-rip-out-libxml2-s-libc_single_threaded-support.patch 0019-xpath-Use-separate-static-hash-table-for-standard-fu.patch\"" -DNOKOGIRI_LIBXSLT_PATCHES="\"0001-update-config.guess-and-config.sub-for-libxslt.patch\"" -O3 -fstack-protector-strong -std=c99 -Wno-declaration-after-statement -O2 -g -Winline -Wmissing-noreturn -Wconversion  -IC:/Users/KIIT/Desktop/DaySpring/assesment-client-dayspring/vendor/bundle/ruby/3.4.0/gems/nokogiri-1.19.1/ext/nokogiri/ports/x64-mingw-ucrt/libgumbo/1.0.0-nokogiri/include -Werror -c conftest.c"
checked program was:
/* begin */
1: #include "ruby.h"
2: 
3: #include <winsock2.h>
4: #include <windows.h>
5: int main(int argc, char **argv)
6: {
7:   return !!argv[argc];
8: }
/* end */

--------------------

have_func: checking for gumbo_parse_with_options() in nokogiri_gumbo.h... -------------------- yes

PATH=".;C:/Ruby34-x64/lib;C:\Users\KIIT\Desktop\DaySpring\assesment-client-dayspring\vendor\bundle\ruby\3.4.0\gems\nokogiri-1.19.1\ports\x64-mingw-ucrt\libxslt\1.1.43\bin;C:\Users\KIIT\Desktop\DaySpring\assesment-client-dayspring\vendor\bundle\ruby\3.4.0\gems\nokogiri-1.19.1\ports\x64-mingw-ucrt\libxml2\2.13.9\bin;C:\Users\KIIT\Desktop\DaySpring\assesment-client-dayspring\vendor\bundle\ruby\3.4.0\gems\nokogiri-1.19.1\ports\x64-mingw-ucrt\libiconv\1.18\bin;C:\Ruby34-x64\bin;C:\Ruby34-x64\msys64\ucrt64\bin;C:\Ruby34-x64\msys64\usr\bin;C:\ProgramData\rvm\wrapper;C:\Program Files\Common Files\Oracle\Java\javapath;C:\oracle\product\10.2.0\db_1\bin;C:\Windows\system32;C:\Windows;C:\Windows\System32\Wbem;C:\Windows\System32\WindowsPowerShell\v1.0\;C:\Windows\System32\OpenSSH\;C:\WINDOWS\system32;C:\WINDOWS;C:\WINDOWS\System32\Wbem;C:\WINDOWS\System32\WindowsPowerShell\v1.0\;C:\WINDOWS\System32\OpenSSH\;C:\MinGW\bin;C:\Program Files (x86)\NVIDIA Corporation\PhysX\Common;C:\Program Files\NVIDIA Corporation\NVIDIA app\NvDLISR;C:\ProgramData\chocolatey\bin;C:\Program Files\Git\cmd;C:\Program Files\dotnet\;C:\Program Files\nodejs\;C:\Users\KIIT\AppData\Local\Android\Sdk;C:\Users\KIIT\AppData\Local\Android\Sdk\platform-tools;C:\Users\KIIT\AppData\Local\Android\Sdk\platforms;C:\Users\KIIT\AppData\Local\Android\Sdk\emulator;C:\Users\KIIT\AppData\Local\Android\Sdk\build-tools;C:\ProgramData\rvm\wrapper;C:\Ruby34-x64\bin;C:\Program Files\MySQL\MySQL Shell 8.0\bin\;C:\Users\KIIT\AppData\Local\Microsoft\WindowsApps;C:\Users\KIIT\AppData\Local\Programs\Microsoft VS Code\bin;C:\MinGW\bin;C:\Program Files\JetBrains\IntelliJ IDEA 2024.3\bin;;C:\Program Files\JetBrains\IntelliJ IDEA Community Edition 2024.3\bin;;C:\Users\KIIT\AppData\Roaming\npm;C:\Users\KIIT\AppData\Local\GitHubDesktop\bin;C:\Users\KIIT\AppData\Local\Android\Sdk;C:\Users\KIIT\AppData\Local\Android\Sdk\platform-tools;C:\Users\KIIT\AppData\Local\Android\Sdk\emulator;C:\Users\KIIT\AppData\Local\Android\Sdk\build-tools;C:\Users\KIIT\AppData\Local\Android\Sdk\platforms;C:\Program Files\Microsoft\jdk-17.0.13.11-hotspot\bin" ASAN_OPTIONS=detect_leaks=0 "gcc -o conftest.exe -IC:/Ruby34-x64/include/ruby-3.4.0/x64-mingw-ucrt -IC:/Ruby34-x64/include/ruby-3.4.0/ruby/backward -IC:/Ruby34-x64/include/ruby-3.4.0 -I. -IC:/Users/KIIT/Desktop/DaySpring/assesment-client-dayspring/vendor/bundle/ruby/3.4.0/gems/nokogiri-1.19.1/ports/x64-mingw-ucrt/libxml2/2.13.9/include/libxml2 -IC:/Users/KIIT/Desktop/DaySpring/assesment-client-dayspring/vendor/bundle/ruby/3.4.0/gems/nokogiri-1.19.1/ports/x64-mingw-ucrt/libiconv/1.18/include -DLIBXML_STATIC -DLIBXSLT_STATIC -DLIBEXSLT_STATIC -IC:/Users/KIIT/Desktop/DaySpring/assesment-client-dayspring/vendor/bundle/ruby/3.4.0/gems/nokogiri-1.19.1/ports/x64-mingw-ucrt/libxslt/1.1.43/include -IC:/Users/KIIT/Desktop/DaySpring/assesment-client-dayspring/vendor/bundle/ruby/3.4.0/gems/nokogiri-1.19.1/ports/x64-mingw-ucrt/libxml2/2.13.9/include/libxml2 -IC:/Users/KIIT/Desktop/DaySpring/assesment-client-dayspring/vendor/bundle/ruby/3.4.0/gems/nokogiri-1.19.1/ports/x64-mingw-ucrt/libiconv/1.18/include -DLIBXML_STATIC -D_WIN32_WINNT=0x0600 -D__MINGW_USE_VC2005_COMPAT -D_FILE_OFFSET_BITS=64   "-Idummypath" -IC:/Users/KIIT/Desktop/DaySpring/assesment-client-dayspring/vendor/bundle/ruby/3.4.0/gems/nokogiri-1.19.1/ports/x64-mingw-ucrt/zlib/1.3.1/include -IC:/Users/KIIT/Desktop/DaySpring/assesment-client-dayspring/vendor/bundle/ruby/3.4.0/gems/nokogiri-1.19.1/ports/x64-mingw-ucrt/libiconv/1.18/include -DNOKOGIRI_PACKAGED_LIBRARIES -DNOKOGIRI_LIBXML2_PATCHES="\"0001-Remove-script-macro-support.patch 0002-Update-entities-to-remove-handling-of-ssi.patch 0009-allow-wildcard-namespaces.patch 0010-update-config.guess-and-config.sub-for-libxml2.patch 0011-rip-out-libxml2-s-libc_single_threaded-support.patch 0019-xpath-Use-separate-static-hash-table-for-standard-fu.patch\"" -DNOKOGIRI_LIBXSLT_PATCHES="\"0001-update-config.guess-and-config.sub-for-libxslt.patch\"" -IC:/Users/KIIT/Desktop/DaySpring/assesment-client-dayspring/vendor/bundle/ruby/3.4.0/gems/nokogiri-1.19.1/ext/nokogiri/ports/x64-mingw-ucrt/libgumbo/1.0.0-nokogiri/include -O3 -fstack-protector-strong -std=c99 -Wno-declaration-after-statement -O2 -g -Winline -Wmissing-noreturn -Wconversion conftest.c -L. -LC:/Ruby34-x64/lib -LC:/Users/KIIT/Desktop/DaySpring/assesment-client-dayspring/vendor/bundle/ruby/3.4.0/gems/nokogiri-1.19.1/ports/x64-mingw-ucrt/libiconv/1.18/lib -LC:/Users/KIIT/Desktop/DaySpring/assesment-client-dayspring/vendor/bundle/ruby/3.4.0/gems/nokogiri-1.19.1/ports/x64-mingw-ucrt/zlib/1.3.1/lib -LC:/Users/KIIT/Desktop/DaySpring/assesment-client-dayspring/vendor/bundle/ruby/3.4.0/gems/nokogiri-1.19.1/ports/x64-mingw-ucrt/libxml2/2.13.9/lib -LC:/Users/KIIT/Desktop/DaySpring/assesment-client-dayspring/vendor/bundle/ruby/3.4.0/gems/nokogiri-1.19.1/ports/x64-mingw-ucrt/libxslt/1.1.43/lib -LC:/Ruby34-x64/msys64/ucrt64/lib -LC:/Users/KIIT/Desktop/DaySpring/assesment-client-dayspring/vendor/bundle/ruby/3.4.0/gems/nokogiri-1.19.1/ext/nokogiri/ports/x64-mingw-ucrt/libgumbo/1.0.0-nokogiri/lib -L. -pipe -s -fstack-protector-strong -lpthread -Wl,--no-as-needed    C:/Users/KIIT/Desktop/DaySpring/assesment-client-dayspring/vendor/bundle/ruby/3.4.0/gems/nokogiri-1.19.1/ports/x64-mingw-ucrt/libxslt/1.1.43/lib/libexslt.a -lm -lbcrypt -lws2_32 -liconv -llzma -lz C:/Users/KIIT/Desktop/DaySpring/assesment-client-dayspring/vendor/bundle/ruby/3.4.0/gems/nokogiri-1.19.1/ports/x64-mingw-ucrt/libxml2/2.13.9/lib/libxml2.a C:/Users/KIIT/Desktop/DaySpring/assesment-client-dayspring/vendor/bundle/ruby/3.4.0/gems/nokogiri-1.19.1/ports/x64-mingw-ucrt/libxslt/1.1.43/lib/libxslt.a -lbcrypt -lws2_32 -lm -liconv -llzma -lz C:/Users/KIIT/Desktop/DaySpring/assesment-client-dayspring/vendor/bundle/ruby/3.4.0/gems/nokogiri-1.19.1/ports/x64-mingw-ucrt/libxml2/2.13.9/lib/libxml2.a -liconv -lz -llzma C:/Users/KIIT/Desktop/DaySpring/assesment-client-dayspring/vendor/bundle/ruby/3.4.0/gems/nokogiri-1.19.1/ext/nokogiri/ports/x64-mingw-ucrt/libgumbo/1.0.0-nokogiri/lib/libgumbo.a -lx64-ucrt-ruby340 C:/Users/KIIT/Desktop/DaySpring/assesment-client-dayspring/vendor/bundle/ruby/3.4.0/gems/nokogiri-1.19.1/ports/x64-mingw-ucrt/libxslt/1.1.43/lib/libexslt.a -lm -lbcrypt -lws2_32 -liconv -llzma -lz C:/Users/KIIT/Desktop/DaySpring/assesment-client-dayspring/vendor/bundle/ruby/3.4.0/gems/nokogiri-1.19.1/ports/x64-mingw-ucrt/libxml2/2.13.9/lib/libxml2.a C:/Users/KIIT/Desktop/DaySpring/assesment-client-dayspring/vendor/bundle/ruby/3.4.0/gems/nokogiri-1.19.1/ports/x64-mingw-ucrt/libxslt/1.1.43/lib/libxslt.a -lbcrypt -lws2_32 -lm -liconv -llzma -lz C:/Users/KIIT/Desktop/DaySpring/assesment-client-dayspring/vendor/bundle/ruby/3.4.0/gems/nokogiri-1.19.1/ports/x64-mingw-ucrt/libxml2/2.13.9/lib/libxml2.a -liconv -lz -llzma C:/Users/KIIT/Desktop/DaySpring/assesment-client-dayspring/vendor/bundle/ruby/3.4.0/gems/nokogiri-1.19.1/ext/nokogiri/ports/x64-mingw-ucrt/libgumbo/1.0.0-nokogiri/lib/libgumbo.a -lshell32 -lws2_32 -liphlpapi -limagehlp -lshlwapi -lbcrypt  "
checked program was:
/* begin */
 1: #include "ruby.h"
 2: 
 3: #include <winsock2.h>
 4: #include <windows.h>
 5: #include <nokogiri_gumbo.h>
 6: 
 7: /*top*/
 8: extern int t(void);
 9: int main(int argc, char **argv)
10: {
11:   if (argc > 1000000) {
12:     int (* volatile tp)(void)=(int (*)(void))&t;
13:     printf("%d", (*tp)());
14:   }
15: 
16:   return !!argv[argc];
17: }
18: int t(void) { void ((*volatile p)()); p = (void ((*)()))gumbo_parse_with_options; return !p; }
/* end */

--------------------

have_func: checking for xmlCtxtSetOptions()... -------------------- yes

PATH=".;C:/Ruby34-x64/lib;C:\Users\KIIT\Desktop\DaySpring\assesment-client-dayspring\vendor\bundle\ruby\3.4.0\gems\nokogiri-1.19.1\ports\x64-mingw-ucrt\libxslt\1.1.43\bin;C:\Users\KIIT\Desktop\DaySpring\assesment-client-dayspring\vendor\bundle\ruby\3.4.0\gems\nokogiri-1.19.1\ports\x64-mingw-ucrt\libxml2\2.13.9\bin;C:\Users\KIIT\Desktop\DaySpring\assesment-client-dayspring\vendor\bundle\ruby\3.4.0\gems\nokogiri-1.19.1\ports\x64-mingw-ucrt\libiconv\1.18\bin;C:\Ruby34-x64\bin;C:\Ruby34-x64\msys64\ucrt64\bin;C:\Ruby34-x64\msys64\usr\bin;C:\ProgramData\rvm\wrapper;C:\Program Files\Common Files\Oracle\Java\javapath;C:\oracle\product\10.2.0\db_1\bin;C:\Windows\system32;C:\Windows;C:\Windows\System32\Wbem;C:\Windows\System32\WindowsPowerShell\v1.0\;C:\Windows\System32\OpenSSH\;C:\WINDOWS\system32;C:\WINDOWS;C:\WINDOWS\System32\Wbem;C:\WINDOWS\System32\WindowsPowerShell\v1.0\;C:\WINDOWS\System32\OpenSSH\;C:\MinGW\bin;C:\Program Files (x86)\NVIDIA Corporation\PhysX\Common;C:\Program Files\NVIDIA Corporation\NVIDIA app\NvDLISR;C:\ProgramData\chocolatey\bin;C:\Program Files\Git\cmd;C:\Program Files\dotnet\;C:\Program Files\nodejs\;C:\Users\KIIT\AppData\Local\Android\Sdk;C:\Users\KIIT\AppData\Local\Android\Sdk\platform-tools;C:\Users\KIIT\AppData\Local\Android\Sdk\platforms;C:\Users\KIIT\AppData\Local\Android\Sdk\emulator;C:\Users\KIIT\AppData\Local\Android\Sdk\build-tools;C:\ProgramData\rvm\wrapper;C:\Ruby34-x64\bin;C:\Program Files\MySQL\MySQL Shell 8.0\bin\;C:\Users\KIIT\AppData\Local\Microsoft\WindowsApps;C:\Users\KIIT\AppData\Local\Programs\Microsoft VS Code\bin;C:\MinGW\bin;C:\Program Files\JetBrains\IntelliJ IDEA 2024.3\bin;;C:\Program Files\JetBrains\IntelliJ IDEA Community Edition 2024.3\bin;;C:\Users\KIIT\AppData\Roaming\npm;C:\Users\KIIT\AppData\Local\GitHubDesktop\bin;C:\Users\KIIT\AppData\Local\Android\Sdk;C:\Users\KIIT\AppData\Local\Android\Sdk\platform-tools;C:\Users\KIIT\AppData\Local\Android\Sdk\emulator;C:\Users\KIIT\AppData\Local\Android\Sdk\build-tools;C:\Users\KIIT\AppData\Local\Android\Sdk\platforms;C:\Program Files\Microsoft\jdk-17.0.13.11-hotspot\bin" ASAN_OPTIONS=detect_leaks=0 "gcc -o conftest.exe -IC:/Ruby34-x64/include/ruby-3.4.0/x64-mingw-ucrt -IC:/Ruby34-x64/include/ruby-3.4.0/ruby/backward -IC:/Ruby34-x64/include/ruby-3.4.0 -I. -IC:/Users/KIIT/Desktop/DaySpring/assesment-client-dayspring/vendor/bundle/ruby/3.4.0/gems/nokogiri-1.19.1/ports/x64-mingw-ucrt/libxml2/2.13.9/include/libxml2 -IC:/Users/KIIT/Desktop/DaySpring/assesment-client-dayspring/vendor/bundle/ruby/3.4.0/gems/nokogiri-1.19.1/ports/x64-mingw-ucrt/libiconv/1.18/include -DLIBXML_STATIC -DLIBXSLT_STATIC -DLIBEXSLT_STATIC -IC:/Users/KIIT/Desktop/DaySpring/assesment-client-dayspring/vendor/bundle/ruby/3.4.0/gems/nokogiri-1.19.1/ports/x64-mingw-ucrt/libxslt/1.1.43/include -IC:/Users/KIIT/Desktop/DaySpring/assesment-client-dayspring/vendor/bundle/ruby/3.4.0/gems/nokogiri-1.19.1/ports/x64-mingw-ucrt/libxml2/2.13.9/include/libxml2 -IC:/Users/KIIT/Desktop/DaySpring/assesment-client-dayspring/vendor/bundle/ruby/3.4.0/gems/nokogiri-1.19.1/ports/x64-mingw-ucrt/libiconv/1.18/include -DLIBXML_STATIC -D_WIN32_WINNT=0x0600 -D__MINGW_USE_VC2005_COMPAT -D_FILE_OFFSET_BITS=64   "-Idummypath" -IC:/Users/KIIT/Desktop/DaySpring/assesment-client-dayspring/vendor/bundle/ruby/3.4.0/gems/nokogiri-1.19.1/ports/x64-mingw-ucrt/zlib/1.3.1/include -IC:/Users/KIIT/Desktop/DaySpring/assesment-client-dayspring/vendor/bundle/ruby/3.4.0/gems/nokogiri-1.19.1/ports/x64-mingw-ucrt/libiconv/1.18/include -DNOKOGIRI_PACKAGED_LIBRARIES -DNOKOGIRI_LIBXML2_PATCHES="\"0001-Remove-script-macro-support.patch 0002-Update-entities-to-remove-handling-of-ssi.patch 0009-allow-wildcard-namespaces.patch 0010-update-config.guess-and-config.sub-for-libxml2.patch 0011-rip-out-libxml2-s-libc_single_threaded-support.patch 0019-xpath-Use-separate-static-hash-table-for-standard-fu.patch\"" -DNOKOGIRI_LIBXSLT_PATCHES="\"0001-update-config.guess-and-config.sub-for-libxslt.patch\"" -IC:/Users/KIIT/Desktop/DaySpring/assesment-client-dayspring/vendor/bundle/ruby/3.4.0/gems/nokogiri-1.19.1/ext/nokogiri/ports/x64-mingw-ucrt/libgumbo/1.0.0-nokogiri/include -O3 -fstack-protector-strong -std=c99 -Wno-declaration-after-statement -O2 -g -Winline -Wmissing-noreturn -Wconversion conftest.c -L. -LC:/Ruby34-x64/lib -LC:/Users/KIIT/Desktop/DaySpring/assesment-client-dayspring/vendor/bundle/ruby/3.4.0/gems/nokogiri-1.19.1/ports/x64-mingw-ucrt/libiconv/1.18/lib -LC:/Users/KIIT/Desktop/DaySpring/assesment-client-dayspring/vendor/bundle/ruby/3.4.0/gems/nokogiri-1.19.1/ports/x64-mingw-ucrt/zlib/1.3.1/lib -LC:/Users/KIIT/Desktop/DaySpring/assesment-client-dayspring/vendor/bundle/ruby/3.4.0/gems/nokogiri-1.19.1/ports/x64-mingw-ucrt/libxml2/2.13.9/lib -LC:/Users/KIIT/Desktop/DaySpring/assesment-client-dayspring/vendor/bundle/ruby/3.4.0/gems/nokogiri-1.19.1/ports/x64-mingw-ucrt/libxslt/1.1.43/lib -LC:/Ruby34-x64/msys64/ucrt64/lib -LC:/Users/KIIT/Desktop/DaySpring/assesment-client-dayspring/vendor/bundle/ruby/3.4.0/gems/nokogiri-1.19.1/ext/nokogiri/ports/x64-mingw-ucrt/libgumbo/1.0.0-nokogiri/lib -L. -pipe -s -fstack-protector-strong -lpthread -Wl,--no-as-needed    C:/Users/KIIT/Desktop/DaySpring/assesment-client-dayspring/vendor/bundle/ruby/3.4.0/gems/nokogiri-1.19.1/ports/x64-mingw-ucrt/libxslt/1.1.43/lib/libexslt.a -lm -lbcrypt -lws2_32 -liconv -llzma -lz C:/Users/KIIT/Desktop/DaySpring/assesment-client-dayspring/vendor/bundle/ruby/3.4.0/gems/nokogiri-1.19.1/ports/x64-mingw-ucrt/libxml2/2.13.9/lib/libxml2.a C:/Users/KIIT/Desktop/DaySpring/assesment-client-dayspring/vendor/bundle/ruby/3.4.0/gems/nokogiri-1.19.1/ports/x64-mingw-ucrt/libxslt/1.1.43/lib/libxslt.a -lbcrypt -lws2_32 -lm -liconv -llzma -lz C:/Users/KIIT/Desktop/DaySpring/assesment-client-dayspring/vendor/bundle/ruby/3.4.0/gems/nokogiri-1.19.1/ports/x64-mingw-ucrt/libxml2/2.13.9/lib/libxml2.a -liconv -lz -llzma C:/Users/KIIT/Desktop/DaySpring/assesment-client-dayspring/vendor/bundle/ruby/3.4.0/gems/nokogiri-1.19.1/ext/nokogiri/ports/x64-mingw-ucrt/libgumbo/1.0.0-nokogiri/lib/libgumbo.a -lx64-ucrt-ruby340 C:/Users/KIIT/Desktop/DaySpring/assesment-client-dayspring/vendor/bundle/ruby/3.4.0/gems/nokogiri-1.19.1/ports/x64-mingw-ucrt/libxslt/1.1.43/lib/libexslt.a -lm -lbcrypt -lws2_32 -liconv -llzma -lz C:/Users/KIIT/Desktop/DaySpring/assesment-client-dayspring/vendor/bundle/ruby/3.4.0/gems/nokogiri-1.19.1/ports/x64-mingw-ucrt/libxml2/2.13.9/lib/libxml2.a C:/Users/KIIT/Desktop/DaySpring/assesment-client-dayspring/vendor/bundle/ruby/3.4.0/gems/nokogiri-1.19.1/ports/x64-mingw-ucrt/libxslt/1.1.43/lib/libxslt.a -lbcrypt -lws2_32 -lm -liconv -llzma -lz C:/Users/KIIT/Desktop/DaySpring/assesment-client-dayspring/vendor/bundle/ruby/3.4.0/gems/nokogiri-1.19.1/ports/x64-mingw-ucrt/libxml2/2.13.9/lib/libxml2.a -liconv -lz -llzma C:/Users/KIIT/Desktop/DaySpring/assesment-client-dayspring/vendor/bundle/ruby/3.4.0/gems/nokogiri-1.19.1/ext/nokogiri/ports/x64-mingw-ucrt/libgumbo/1.0.0-nokogiri/lib/libgumbo.a -lshell32 -lws2_32 -liphlpapi -limagehlp -lshlwapi -lbcrypt  "
conftest.c: In function 't':
conftest.c:17:57: error: 'xmlCtxtSetOptions' undeclared (first use in this function)
   17 | int t(void) { void ((*volatile p)()); p = (void ((*)()))xmlCtxtSetOptions; return !p; }
      |                                                         ^~~~~~~~~~~~~~~~~
conftest.c:17:57: note: each undeclared identifier is reported only once for each function it appears in
checked program was:
/* begin */
 1: #include "ruby.h"
 2: 
 3: #include <winsock2.h>
 4: #include <windows.h>
 5: 
 6: /*top*/
 7: extern int t(void);
 8: int main(int argc, char **argv)
 9: {
10:   if (argc > 1000000) {
11:     int (* volatile tp)(void)=(int (*)(void))&t;
12:     printf("%d", (*tp)());
13:   }
14: 
15:   return !!argv[argc];
16: }
17: int t(void) { void ((*volatile p)()); p = (void ((*)()))xmlCtxtSetOptions; return !p; }
/* end */

PATH=".;C:/Ruby34-x64/lib;C:\Users\KIIT\Desktop\DaySpring\assesment-client-dayspring\vendor\bundle\ruby\3.4.0\gems\nokogiri-1.19.1\ports\x64-mingw-ucrt\libxslt\1.1.43\bin;C:\Users\KIIT\Desktop\DaySpring\assesment-client-dayspring\vendor\bundle\ruby\3.4.0\gems\nokogiri-1.19.1\ports\x64-mingw-ucrt\libxml2\2.13.9\bin;C:\Users\KIIT\Desktop\DaySpring\assesment-client-dayspring\vendor\bundle\ruby\3.4.0\gems\nokogiri-1.19.1\ports\x64-mingw-ucrt\libiconv\1.18\bin;C:\Ruby34-x64\bin;C:\Ruby34-x64\msys64\ucrt64\bin;C:\Ruby34-x64\msys64\usr\bin;C:\ProgramData\rvm\wrapper;C:\Program Files\Common Files\Oracle\Java\javapath;C:\oracle\product\10.2.0\db_1\bin;C:\Windows\system32;C:\Windows;C:\Windows\System32\Wbem;C:\Windows\System32\WindowsPowerShell\v1.0\;C:\Windows\System32\OpenSSH\;C:\WINDOWS\system32;C:\WINDOWS;C:\WINDOWS\System32\Wbem;C:\WINDOWS\System32\WindowsPowerShell\v1.0\;C:\WINDOWS\System32\OpenSSH\;C:\MinGW\bin;C:\Program Files (x86)\NVIDIA Corporation\PhysX\Common;C:\Program Files\NVIDIA Corporation\NVIDIA app\NvDLISR;C:\ProgramData\chocolatey\bin;C:\Program Files\Git\cmd;C:\Program Files\dotnet\;C:\Program Files\nodejs\;C:\Users\KIIT\AppData\Local\Android\Sdk;C:\Users\KIIT\AppData\Local\Android\Sdk\platform-tools;C:\Users\KIIT\AppData\Local\Android\Sdk\platforms;C:\Users\KIIT\AppData\Local\Android\Sdk\emulator;C:\Users\KIIT\AppData\Local\Android\Sdk\build-tools;C:\ProgramData\rvm\wrapper;C:\Ruby34-x64\bin;C:\Program Files\MySQL\MySQL Shell 8.0\bin\;C:\Users\KIIT\AppData\Local\Microsoft\WindowsApps;C:\Users\KIIT\AppData\Local\Programs\Microsoft VS Code\bin;C:\MinGW\bin;C:\Program Files\JetBrains\IntelliJ IDEA 2024.3\bin;;C:\Program Files\JetBrains\IntelliJ IDEA Community Edition 2024.3\bin;;C:\Users\KIIT\AppData\Roaming\npm;C:\Users\KIIT\AppData\Local\GitHubDesktop\bin;C:\Users\KIIT\AppData\Local\Android\Sdk;C:\Users\KIIT\AppData\Local\Android\Sdk\platform-tools;C:\Users\KIIT\AppData\Local\Android\Sdk\emulator;C:\Users\KIIT\AppData\Local\Android\Sdk\build-tools;C:\Users\KIIT\AppData\Local\Android\Sdk\platforms;C:\Program Files\Microsoft\jdk-17.0.13.11-hotspot\bin" ASAN_OPTIONS=detect_leaks=0 "gcc -o conftest.exe -IC:/Ruby34-x64/include/ruby-3.4.0/x64-mingw-ucrt -IC:/Ruby34-x64/include/ruby-3.4.0/ruby/backward -IC:/Ruby34-x64/include/ruby-3.4.0 -I. -IC:/Users/KIIT/Desktop/DaySpring/assesment-client-dayspring/vendor/bundle/ruby/3.4.0/gems/nokogiri-1.19.1/ports/x64-mingw-ucrt/libxml2/2.13.9/include/libxml2 -IC:/Users/KIIT/Desktop/DaySpring/assesment-client-dayspring/vendor/bundle/ruby/3.4.0/gems/nokogiri-1.19.1/ports/x64-mingw-ucrt/libiconv/1.18/include -DLIBXML_STATIC -DLIBXSLT_STATIC -DLIBEXSLT_STATIC -IC:/Users/KIIT/Desktop/DaySpring/assesment-client-dayspring/vendor/bundle/ruby/3.4.0/gems/nokogiri-1.19.1/ports/x64-mingw-ucrt/libxslt/1.1.43/include -IC:/Users/KIIT/Desktop/DaySpring/assesment-client-dayspring/vendor/bundle/ruby/3.4.0/gems/nokogiri-1.19.1/ports/x64-mingw-ucrt/libxml2/2.13.9/include/libxml2 -IC:/Users/KIIT/Desktop/DaySpring/assesment-client-dayspring/vendor/bundle/ruby/3.4.0/gems/nokogiri-1.19.1/ports/x64-mingw-ucrt/libiconv/1.18/include -DLIBXML_STATIC -D_WIN32_WINNT=0x0600 -D__MINGW_USE_VC2005_COMPAT -D_FILE_OFFSET_BITS=64   "-Idummypath" -IC:/Users/KIIT/Desktop/DaySpring/assesment-client-dayspring/vendor/bundle/ruby/3.4.0/gems/nokogiri-1.19.1/ports/x64-mingw-ucrt/zlib/1.3.1/include -IC:/Users/KIIT/Desktop/DaySpring/assesment-client-dayspring/vendor/bundle/ruby/3.4.0/gems/nokogiri-1.19.1/ports/x64-mingw-ucrt/libiconv/1.18/include -DNOKOGIRI_PACKAGED_LIBRARIES -DNOKOGIRI_LIBXML2_PATCHES="\"0001-Remove-script-macro-support.patch 0002-Update-entities-to-remove-handling-of-ssi.patch 0009-allow-wildcard-namespaces.patch 0010-update-config.guess-and-config.sub-for-libxml2.patch 0011-rip-out-libxml2-s-libc_single_threaded-support.patch 0019-xpath-Use-separate-static-hash-table-for-standard-fu.patch\"" -DNOKOGIRI_LIBXSLT_PATCHES="\"0001-update-config.guess-and-config.sub-for-libxslt.patch\"" -IC:/Users/KIIT/Desktop/DaySpring/assesment-client-dayspring/vendor/bundle/ruby/3.4.0/gems/nokogiri-1.19.1/ext/nokogiri/ports/x64-mingw-ucrt/libgumbo/1.0.0-nokogiri/include -O3 -fstack-protector-strong -std=c99 -Wno-declaration-after-statement -O2 -g -Winline -Wmissing-noreturn -Wconversion conftest.c -L. -LC:/Ruby34-x64/lib -LC:/Users/KIIT/Desktop/DaySpring/assesment-client-dayspring/vendor/bundle/ruby/3.4.0/gems/nokogiri-1.19.1/ports/x64-mingw-ucrt/libiconv/1.18/lib -LC:/Users/KIIT/Desktop/DaySpring/assesment-client-dayspring/vendor/bundle/ruby/3.4.0/gems/nokogiri-1.19.1/ports/x64-mingw-ucrt/zlib/1.3.1/lib -LC:/Users/KIIT/Desktop/DaySpring/assesment-client-dayspring/vendor/bundle/ruby/3.4.0/gems/nokogiri-1.19.1/ports/x64-mingw-ucrt/libxml2/2.13.9/lib -LC:/Users/KIIT/Desktop/DaySpring/assesment-client-dayspring/vendor/bundle/ruby/3.4.0/gems/nokogiri-1.19.1/ports/x64-mingw-ucrt/libxslt/1.1.43/lib -LC:/Ruby34-x64/msys64/ucrt64/lib -LC:/Users/KIIT/Desktop/DaySpring/assesment-client-dayspring/vendor/bundle/ruby/3.4.0/gems/nokogiri-1.19.1/ext/nokogiri/ports/x64-mingw-ucrt/libgumbo/1.0.0-nokogiri/lib -L. -pipe -s -fstack-protector-strong -lpthread -Wl,--no-as-needed    C:/Users/KIIT/Desktop/DaySpring/assesment-client-dayspring/vendor/bundle/ruby/3.4.0/gems/nokogiri-1.19.1/ports/x64-mingw-ucrt/libxslt/1.1.43/lib/libexslt.a -lm -lbcrypt -lws2_32 -liconv -llzma -lz C:/Users/KIIT/Desktop/DaySpring/assesment-client-dayspring/vendor/bundle/ruby/3.4.0/gems/nokogiri-1.19.1/ports/x64-mingw-ucrt/libxml2/2.13.9/lib/libxml2.a C:/Users/KIIT/Desktop/DaySpring/assesment-client-dayspring/vendor/bundle/ruby/3.4.0/gems/nokogiri-1.19.1/ports/x64-mingw-ucrt/libxslt/1.1.43/lib/libxslt.a -lbcrypt -lws2_32 -lm -liconv -llzma -lz C:/Users/KIIT/Desktop/DaySpring/assesment-client-dayspring/vendor/bundle/ruby/3.4.0/gems/nokogiri-1.19.1/ports/x64-mingw-ucrt/libxml2/2.13.9/lib/libxml2.a -liconv -lz -llzma C:/Users/KIIT/Desktop/DaySpring/assesment-client-dayspring/vendor/bundle/ruby/3.4.0/gems/nokogiri-1.19.1/ext/nokogiri/ports/x64-mingw-ucrt/libgumbo/1.0.0-nokogiri/lib/libgumbo.a -lx64-ucrt-ruby340 C:/Users/KIIT/Desktop/DaySpring/assesment-client-dayspring/vendor/bundle/ruby/3.4.0/gems/nokogiri-1.19.1/ports/x64-mingw-ucrt/libxslt/1.1.43/lib/libexslt.a -lm -lbcrypt -lws2_32 -liconv -llzma -lz C:/Users/KIIT/Desktop/DaySpring/assesment-client-dayspring/vendor/bundle/ruby/3.4.0/gems/nokogiri-1.19.1/ports/x64-mingw-ucrt/libxml2/2.13.9/lib/libxml2.a C:/Users/KIIT/Desktop/DaySpring/assesment-client-dayspring/vendor/bundle/ruby/3.4.0/gems/nokogiri-1.19.1/ports/x64-mingw-ucrt/libxslt/1.1.43/lib/libxslt.a -lbcrypt -lws2_32 -lm -liconv -llzma -lz C:/Users/KIIT/Desktop/DaySpring/assesment-client-dayspring/vendor/bundle/ruby/3.4.0/gems/nokogiri-1.19.1/ports/x64-mingw-ucrt/libxml2/2.13.9/lib/libxml2.a -liconv -lz -llzma C:/Users/KIIT/Desktop/DaySpring/assesment-client-dayspring/vendor/bundle/ruby/3.4.0/gems/nokogiri-1.19.1/ext/nokogiri/ports/x64-mingw-ucrt/libgumbo/1.0.0-nokogiri/lib/libgumbo.a -lshell32 -lws2_32 -liphlpapi -limagehlp -lshlwapi -lbcrypt  "
checked program was:
/* begin */
 1: #include "ruby.h"
 2: 
 3: #include <winsock2.h>
 4: #include <windows.h>
 5: 
 6: /*top*/
 7: extern int t(void);
 8: int main(int argc, char **argv)
 9: {
10:   if (argc > 1000000) {
11:     int (* volatile tp)(void)=(int (*)(void))&t;
12:     printf("%d", (*tp)());
13:   }
14: 
15:   return !!argv[argc];
16: }
17: extern void xmlCtxtSetOptions();
18: int t(void) { xmlCtxtSetOptions(); return 0; }
/* end */

--------------------

have_func: checking for xmlCtxtGetOptions()... -------------------- no

PATH=".;C:/Ruby34-x64/lib;C:\Users\KIIT\Desktop\DaySpring\assesment-client-dayspring\vendor\bundle\ruby\3.4.0\gems\nokogiri-1.19.1\ports\x64-mingw-ucrt\libxslt\1.1.43\bin;C:\Users\KIIT\Desktop\DaySpring\assesment-client-dayspring\vendor\bundle\ruby\3.4.0\gems\nokogiri-1.19.1\ports\x64-mingw-ucrt\libxml2\2.13.9\bin;C:\Users\KIIT\Desktop\DaySpring\assesment-client-dayspring\vendor\bundle\ruby\3.4.0\gems\nokogiri-1.19.1\ports\x64-mingw-ucrt\libiconv\1.18\bin;C:\Ruby34-x64\bin;C:\Ruby34-x64\msys64\ucrt64\bin;C:\Ruby34-x64\msys64\usr\bin;C:\ProgramData\rvm\wrapper;C:\Program Files\Common Files\Oracle\Java\javapath;C:\oracle\product\10.2.0\db_1\bin;C:\Windows\system32;C:\Windows;C:\Windows\System32\Wbem;C:\Windows\System32\WindowsPowerShell\v1.0\;C:\Windows\System32\OpenSSH\;C:\WINDOWS\system32;C:\WINDOWS;C:\WINDOWS\System32\Wbem;C:\WINDOWS\System32\WindowsPowerShell\v1.0\;C:\WINDOWS\System32\OpenSSH\;C:\MinGW\bin;C:\Program Files (x86)\NVIDIA Corporation\PhysX\Common;C:\Program Files\NVIDIA Corporation\NVIDIA app\NvDLISR;C:\ProgramData\chocolatey\bin;C:\Program Files\Git\cmd;C:\Program Files\dotnet\;C:\Program Files\nodejs\;C:\Users\KIIT\AppData\Local\Android\Sdk;C:\Users\KIIT\AppData\Local\Android\Sdk\platform-tools;C:\Users\KIIT\AppData\Local\Android\Sdk\platforms;C:\Users\KIIT\AppData\Local\Android\Sdk\emulator;C:\Users\KIIT\AppData\Local\Android\Sdk\build-tools;C:\ProgramData\rvm\wrapper;C:\Ruby34-x64\bin;C:\Program Files\MySQL\MySQL Shell 8.0\bin\;C:\Users\KIIT\AppData\Local\Microsoft\WindowsApps;C:\Users\KIIT\AppData\Local\Programs\Microsoft VS Code\bin;C:\MinGW\bin;C:\Program Files\JetBrains\IntelliJ IDEA 2024.3\bin;;C:\Program Files\JetBrains\IntelliJ IDEA Community Edition 2024.3\bin;;C:\Users\KIIT\AppData\Roaming\npm;C:\Users\KIIT\AppData\Local\GitHubDesktop\bin;C:\Users\KIIT\AppData\Local\Android\Sdk;C:\Users\KIIT\AppData\Local\Android\Sdk\platform-tools;C:\Users\KIIT\AppData\Local\Android\Sdk\emulator;C:\Users\KIIT\AppData\Local\Android\Sdk\build-tools;C:\Users\KIIT\AppData\Local\Android\Sdk\platforms;C:\Program Files\Microsoft\jdk-17.0.13.11-hotspot\bin" ASAN_OPTIONS=detect_leaks=0 "gcc -o conftest.exe -IC:/Ruby34-x64/include/ruby-3.4.0/x64-mingw-ucrt -IC:/Ruby34-x64/include/ruby-3.4.0/ruby/backward -IC:/Ruby34-x64/include/ruby-3.4.0 -I. -IC:/Users/KIIT/Desktop/DaySpring/assesment-client-dayspring/vendor/bundle/ruby/3.4.0/gems/nokogiri-1.19.1/ports/x64-mingw-ucrt/libxml2/2.13.9/include/libxml2 -IC:/Users/KIIT/Desktop/DaySpring/assesment-client-dayspring/vendor/bundle/ruby/3.4.0/gems/nokogiri-1.19.1/ports/x64-mingw-ucrt/libiconv/1.18/include -DLIBXML_STATIC -DLIBXSLT_STATIC -DLIBEXSLT_STATIC -IC:/Users/KIIT/Desktop/DaySpring/assesment-client-dayspring/vendor/bundle/ruby/3.4.0/gems/nokogiri-1.19.1/ports/x64-mingw-ucrt/libxslt/1.1.43/include -IC:/Users/KIIT/Desktop/DaySpring/assesment-client-dayspring/vendor/bundle/ruby/3.4.0/gems/nokogiri-1.19.1/ports/x64-mingw-ucrt/libxml2/2.13.9/include/libxml2 -IC:/Users/KIIT/Desktop/DaySpring/assesment-client-dayspring/vendor/bundle/ruby/3.4.0/gems/nokogiri-1.19.1/ports/x64-mingw-ucrt/libiconv/1.18/include -DLIBXML_STATIC -D_WIN32_WINNT=0x0600 -D__MINGW_USE_VC2005_COMPAT -D_FILE_OFFSET_BITS=64   "-Idummypath" -IC:/Users/KIIT/Desktop/DaySpring/assesment-client-dayspring/vendor/bundle/ruby/3.4.0/gems/nokogiri-1.19.1/ports/x64-mingw-ucrt/zlib/1.3.1/include -IC:/Users/KIIT/Desktop/DaySpring/assesment-client-dayspring/vendor/bundle/ruby/3.4.0/gems/nokogiri-1.19.1/ports/x64-mingw-ucrt/libiconv/1.18/include -DNOKOGIRI_PACKAGED_LIBRARIES -DNOKOGIRI_LIBXML2_PATCHES="\"0001-Remove-script-macro-support.patch 0002-Update-entities-to-remove-handling-of-ssi.patch 0009-allow-wildcard-namespaces.patch 0010-update-config.guess-and-config.sub-for-libxml2.patch 0011-rip-out-libxml2-s-libc_single_threaded-support.patch 0019-xpath-Use-separate-static-hash-table-for-standard-fu.patch\"" -DNOKOGIRI_LIBXSLT_PATCHES="\"0001-update-config.guess-and-config.sub-for-libxslt.patch\"" -IC:/Users/KIIT/Desktop/DaySpring/assesment-client-dayspring/vendor/bundle/ruby/3.4.0/gems/nokogiri-1.19.1/ext/nokogiri/ports/x64-mingw-ucrt/libgumbo/1.0.0-nokogiri/include -O3 -fstack-protector-strong -std=c99 -Wno-declaration-after-statement -O2 -g -Winline -Wmissing-noreturn -Wconversion conftest.c -L. -LC:/Ruby34-x64/lib -LC:/Users/KIIT/Desktop/DaySpring/assesment-client-dayspring/vendor/bundle/ruby/3.4.0/gems/nokogiri-1.19.1/ports/x64-mingw-ucrt/libiconv/1.18/lib -LC:/Users/KIIT/Desktop/DaySpring/assesment-client-dayspring/vendor/bundle/ruby/3.4.0/gems/nokogiri-1.19.1/ports/x64-mingw-ucrt/zlib/1.3.1/lib -LC:/Users/KIIT/Desktop/DaySpring/assesment-client-dayspring/vendor/bundle/ruby/3.4.0/gems/nokogiri-1.19.1/ports/x64-mingw-ucrt/libxml2/2.13.9/lib -LC:/Users/KIIT/Desktop/DaySpring/assesment-client-dayspring/vendor/bundle/ruby/3.4.0/gems/nokogiri-1.19.1/ports/x64-mingw-ucrt/libxslt/1.1.43/lib -LC:/Ruby34-x64/msys64/ucrt64/lib -LC:/Users/KIIT/Desktop/DaySpring/assesment-client-dayspring/vendor/bundle/ruby/3.4.0/gems/nokogiri-1.19.1/ext/nokogiri/ports/x64-mingw-ucrt/libgumbo/1.0.0-nokogiri/lib -L. -pipe -s -fstack-protector-strong -lpthread -Wl,--no-as-needed    C:/Users/KIIT/Desktop/DaySpring/assesment-client-dayspring/vendor/bundle/ruby/3.4.0/gems/nokogiri-1.19.1/ports/x64-mingw-ucrt/libxslt/1.1.43/lib/libexslt.a -lm -lbcrypt -lws2_32 -liconv -llzma -lz C:/Users/KIIT/Desktop/DaySpring/assesment-client-dayspring/vendor/bundle/ruby/3.4.0/gems/nokogiri-1.19.1/ports/x64-mingw-ucrt/libxml2/2.13.9/lib/libxml2.a C:/Users/KIIT/Desktop/DaySpring/assesment-client-dayspring/vendor/bundle/ruby/3.4.0/gems/nokogiri-1.19.1/ports/x64-mingw-ucrt/libxslt/1.1.43/lib/libxslt.a -lbcrypt -lws2_32 -lm -liconv -llzma -lz C:/Users/KIIT/Desktop/DaySpring/assesment-client-dayspring/vendor/bundle/ruby/3.4.0/gems/nokogiri-1.19.1/ports/x64-mingw-ucrt/libxml2/2.13.9/lib/libxml2.a -liconv -lz -llzma C:/Users/KIIT/Desktop/DaySpring/assesment-client-dayspring/vendor/bundle/ruby/3.4.0/gems/nokogiri-1.19.1/ext/nokogiri/ports/x64-mingw-ucrt/libgumbo/1.0.0-nokogiri/lib/libgumbo.a -lx64-ucrt-ruby340 C:/Users/KIIT/Desktop/DaySpring/assesment-client-dayspring/vendor/bundle/ruby/3.4.0/gems/nokogiri-1.19.1/ports/x64-mingw-ucrt/libxslt/1.1.43/lib/libexslt.a -lm -lbcrypt -lws2_32 -liconv -llzma -lz C:/Users/KIIT/Desktop/DaySpring/assesment-client-dayspring/vendor/bundle/ruby/3.4.0/gems/nokogiri-1.19.1/ports/x64-mingw-ucrt/libxml2/2.13.9/lib/libxml2.a C:/Users/KIIT/Desktop/DaySpring/assesment-client-dayspring/vendor/bundle/ruby/3.4.0/gems/nokogiri-1.19.1/ports/x64-mingw-ucrt/libxslt/1.1.43/lib/libxslt.a -lbcrypt -lws2_32 -lm -liconv -llzma -lz C:/Users/KIIT/Desktop/DaySpring/assesment-client-dayspring/vendor/bundle/ruby/3.4.0/gems/nokogiri-1.19.1/ports/x64-mingw-ucrt/libxml2/2.13.9/lib/libxml2.a -liconv -lz -llzma C:/Users/KIIT/Desktop/DaySpring/assesment-client-dayspring/vendor/bundle/ruby/3.4.0/gems/nokogiri-1.19.1/ext/nokogiri/ports/x64-mingw-ucrt/libgumbo/1.0.0-nokogiri/lib/libgumbo.a -lshell32 -lws2_32 -liphlpapi -limagehlp -lshlwapi -lbcrypt  "
conftest.c: In function 't':
conftest.c:17:57: error: 'xmlCtxtGetOptions' undeclared (first use in this function)
   17 | int t(void) { void ((*volatile p)()); p = (void ((*)()))xmlCtxtGetOptions; return !p; }
      |                                                         ^~~~~~~~~~~~~~~~~
conftest.c:17:57: note: each undeclared identifier is reported only once for each function it appears in
checked program was:
/* begin */
 1: #include "ruby.h"
 2: 
 3: #include <winsock2.h>
 4: #include <windows.h>
 5: 
 6: /*top*/
 7: extern int t(void);
 8: int main(int argc, char **argv)
 9: {
10:   if (argc > 1000000) {
11:     int (* volatile tp)(void)=(int (*)(void))&t;
12:     printf("%d", (*tp)());
13:   }
14: 
15:   return !!argv[argc];
16: }
17: int t(void) { void ((*volatile p)()); p = (void ((*)()))xmlCtxtGetOptions; return !p; }
/* end */

PATH=".;C:/Ruby34-x64/lib;C:\Users\KIIT\Desktop\DaySpring\assesment-client-dayspring\vendor\bundle\ruby\3.4.0\gems\nokogiri-1.19.1\ports\x64-mingw-ucrt\libxslt\1.1.43\bin;C:\Users\KIIT\Desktop\DaySpring\assesment-client-dayspring\vendor\bundle\ruby\3.4.0\gems\nokogiri-1.19.1\ports\x64-mingw-ucrt\libxml2\2.13.9\bin;C:\Users\KIIT\Desktop\DaySpring\assesment-client-dayspring\vendor\bundle\ruby\3.4.0\gems\nokogiri-1.19.1\ports\x64-mingw-ucrt\libiconv\1.18\bin;C:\Ruby34-x64\bin;C:\Ruby34-x64\msys64\ucrt64\bin;C:\Ruby34-x64\msys64\usr\bin;C:\ProgramData\rvm\wrapper;C:\Program Files\Common Files\Oracle\Java\javapath;C:\oracle\product\10.2.0\db_1\bin;C:\Windows\system32;C:\Windows;C:\Windows\System32\Wbem;C:\Windows\System32\WindowsPowerShell\v1.0\;C:\Windows\System32\OpenSSH\;C:\WINDOWS\system32;C:\WINDOWS;C:\WINDOWS\System32\Wbem;C:\WINDOWS\System32\WindowsPowerShell\v1.0\;C:\WINDOWS\System32\OpenSSH\;C:\MinGW\bin;C:\Program Files (x86)\NVIDIA Corporation\PhysX\Common;C:\Program Files\NVIDIA Corporation\NVIDIA app\NvDLISR;C:\ProgramData\chocolatey\bin;C:\Program Files\Git\cmd;C:\Program Files\dotnet\;C:\Program Files\nodejs\;C:\Users\KIIT\AppData\Local\Android\Sdk;C:\Users\KIIT\AppData\Local\Android\Sdk\platform-tools;C:\Users\KIIT\AppData\Local\Android\Sdk\platforms;C:\Users\KIIT\AppData\Local\Android\Sdk\emulator;C:\Users\KIIT\AppData\Local\Android\Sdk\build-tools;C:\ProgramData\rvm\wrapper;C:\Ruby34-x64\bin;C:\Program Files\MySQL\MySQL Shell 8.0\bin\;C:\Users\KIIT\AppData\Local\Microsoft\WindowsApps;C:\Users\KIIT\AppData\Local\Programs\Microsoft VS Code\bin;C:\MinGW\bin;C:\Program Files\JetBrains\IntelliJ IDEA 2024.3\bin;;C:\Program Files\JetBrains\IntelliJ IDEA Community Edition 2024.3\bin;;C:\Users\KIIT\AppData\Roaming\npm;C:\Users\KIIT\AppData\Local\GitHubDesktop\bin;C:\Users\KIIT\AppData\Local\Android\Sdk;C:\Users\KIIT\AppData\Local\Android\Sdk\platform-tools;C:\Users\KIIT\AppData\Local\Android\Sdk\emulator;C:\Users\KIIT\AppData\Local\Android\Sdk\build-tools;C:\Users\KIIT\AppData\Local\Android\Sdk\platforms;C:\Program Files\Microsoft\jdk-17.0.13.11-hotspot\bin" ASAN_OPTIONS=detect_leaks=0 "gcc -o conftest.exe -IC:/Ruby34-x64/include/ruby-3.4.0/x64-mingw-ucrt -IC:/Ruby34-x64/include/ruby-3.4.0/ruby/backward -IC:/Ruby34-x64/include/ruby-3.4.0 -I. -IC:/Users/KIIT/Desktop/DaySpring/assesment-client-dayspring/vendor/bundle/ruby/3.4.0/gems/nokogiri-1.19.1/ports/x64-mingw-ucrt/libxml2/2.13.9/include/libxml2 -IC:/Users/KIIT/Desktop/DaySpring/assesment-client-dayspring/vendor/bundle/ruby/3.4.0/gems/nokogiri-1.19.1/ports/x64-mingw-ucrt/libiconv/1.18/include -DLIBXML_STATIC -DLIBXSLT_STATIC -DLIBEXSLT_STATIC -IC:/Users/KIIT/Desktop/DaySpring/assesment-client-dayspring/vendor/bundle/ruby/3.4.0/gems/nokogiri-1.19.1/ports/x64-mingw-ucrt/libxslt/1.1.43/include -IC:/Users/KIIT/Desktop/DaySpring/assesment-client-dayspring/vendor/bundle/ruby/3.4.0/gems/nokogiri-1.19.1/ports/x64-mingw-ucrt/libxml2/2.13.9/include/libxml2 -IC:/Users/KIIT/Desktop/DaySpring/assesment-client-dayspring/vendor/bundle/ruby/3.4.0/gems/nokogiri-1.19.1/ports/x64-mingw-ucrt/libiconv/1.18/include -DLIBXML_STATIC -D_WIN32_WINNT=0x0600 -D__MINGW_USE_VC2005_COMPAT -D_FILE_OFFSET_BITS=64   "-Idummypath" -IC:/Users/KIIT/Desktop/DaySpring/assesment-client-dayspring/vendor/bundle/ruby/3.4.0/gems/nokogiri-1.19.1/ports/x64-mingw-ucrt/zlib/1.3.1/include -IC:/Users/KIIT/Desktop/DaySpring/assesment-client-dayspring/vendor/bundle/ruby/3.4.0/gems/nokogiri-1.19.1/ports/x64-mingw-ucrt/libiconv/1.18/include -DNOKOGIRI_PACKAGED_LIBRARIES -DNOKOGIRI_LIBXML2_PATCHES="\"0001-Remove-script-macro-support.patch 0002-Update-entities-to-remove-handling-of-ssi.patch 0009-allow-wildcard-namespaces.patch 0010-update-config.guess-and-config.sub-for-libxml2.patch 0011-rip-out-libxml2-s-libc_single_threaded-support.patch 0019-xpath-Use-separate-static-hash-table-for-standard-fu.patch\"" -DNOKOGIRI_LIBXSLT_PATCHES="\"0001-update-config.guess-and-config.sub-for-libxslt.patch\"" -IC:/Users/KIIT/Desktop/DaySpring/assesment-client-dayspring/vendor/bundle/ruby/3.4.0/gems/nokogiri-1.19.1/ext/nokogiri/ports/x64-mingw-ucrt/libgumbo/1.0.0-nokogiri/include -O3 -fstack-protector-strong -std=c99 -Wno-declaration-after-statement -O2 -g -Winline -Wmissing-noreturn -Wconversion conftest.c -L. -LC:/Ruby34-x64/lib -LC:/Users/KIIT/Desktop/DaySpring/assesment-client-dayspring/vendor/bundle/ruby/3.4.0/gems/nokogiri-1.19.1/ports/x64-mingw-ucrt/libiconv/1.18/lib -LC:/Users/KIIT/Desktop/DaySpring/assesment-client-dayspring/vendor/bundle/ruby/3.4.0/gems/nokogiri-1.19.1/ports/x64-mingw-ucrt/zlib/1.3.1/lib -LC:/Users/KIIT/Desktop/DaySpring/assesment-client-dayspring/vendor/bundle/ruby/3.4.0/gems/nokogiri-1.19.1/ports/x64-mingw-ucrt/libxml2/2.13.9/lib -LC:/Users/KIIT/Desktop/DaySpring/assesment-client-dayspring/vendor/bundle/ruby/3.4.0/gems/nokogiri-1.19.1/ports/x64-mingw-ucrt/libxslt/1.1.43/lib -LC:/Ruby34-x64/msys64/ucrt64/lib -LC:/Users/KIIT/Desktop/DaySpring/assesment-client-dayspring/vendor/bundle/ruby/3.4.0/gems/nokogiri-1.19.1/ext/nokogiri/ports/x64-mingw-ucrt/libgumbo/1.0.0-nokogiri/lib -L. -pipe -s -fstack-protector-strong -lpthread -Wl,--no-as-needed    C:/Users/KIIT/Desktop/DaySpring/assesment-client-dayspring/vendor/bundle/ruby/3.4.0/gems/nokogiri-1.19.1/ports/x64-mingw-ucrt/libxslt/1.1.43/lib/libexslt.a -lm -lbcrypt -lws2_32 -liconv -llzma -lz C:/Users/KIIT/Desktop/DaySpring/assesment-client-dayspring/vendor/bundle/ruby/3.4.0/gems/nokogiri-1.19.1/ports/x64-mingw-ucrt/libxml2/2.13.9/lib/libxml2.a C:/Users/KIIT/Desktop/DaySpring/assesment-client-dayspring/vendor/bundle/ruby/3.4.0/gems/nokogiri-1.19.1/ports/x64-mingw-ucrt/libxslt/1.1.43/lib/libxslt.a -lbcrypt -lws2_32 -lm -liconv -llzma -lz C:/Users/KIIT/Desktop/DaySpring/assesment-client-dayspring/vendor/bundle/ruby/3.4.0/gems/nokogiri-1.19.1/ports/x64-mingw-ucrt/libxml2/2.13.9/lib/libxml2.a -liconv -lz -llzma C:/Users/KIIT/Desktop/DaySpring/assesment-client-dayspring/vendor/bundle/ruby/3.4.0/gems/nokogiri-1.19.1/ext/nokogiri/ports/x64-mingw-ucrt/libgumbo/1.0.0-nokogiri/lib/libgumbo.a -lx64-ucrt-ruby340 C:/Users/KIIT/Desktop/DaySpring/assesment-client-dayspring/vendor/bundle/ruby/3.4.0/gems/nokogiri-1.19.1/ports/x64-mingw-ucrt/libxslt/1.1.43/lib/libexslt.a -lm -lbcrypt -lws2_32 -liconv -llzma -lz C:/Users/KIIT/Desktop/DaySpring/assesment-client-dayspring/vendor/bundle/ruby/3.4.0/gems/nokogiri-1.19.1/ports/x64-mingw-ucrt/libxml2/2.13.9/lib/libxml2.a C:/Users/KIIT/Desktop/DaySpring/assesment-client-dayspring/vendor/bundle/ruby/3.4.0/gems/nokogiri-1.19.1/ports/x64-mingw-ucrt/libxslt/1.1.43/lib/libxslt.a -lbcrypt -lws2_32 -lm -liconv -llzma -lz C:/Users/KIIT/Desktop/DaySpring/assesment-client-dayspring/vendor/bundle/ruby/3.4.0/gems/nokogiri-1.19.1/ports/x64-mingw-ucrt/libxml2/2.13.9/lib/libxml2.a -liconv -lz -llzma C:/Users/KIIT/Desktop/DaySpring/assesment-client-dayspring/vendor/bundle/ruby/3.4.0/gems/nokogiri-1.19.1/ext/nokogiri/ports/x64-mingw-ucrt/libgumbo/1.0.0-nokogiri/lib/libgumbo.a -lshell32 -lws2_32 -liphlpapi -limagehlp -lshlwapi -lbcrypt  "
C:/Ruby34-x64/msys64/ucrt64/bin/../lib/gcc/x86_64-w64-mingw32/15.2.0/../../../../x86_64-w64-mingw32/bin/ld.exe: C:\Users\KIIT\AppData\Local\Temp\cc5gLVZX.o: in function `t':
C:/Users/KIIT/Desktop/DaySpring/assesment-client-dayspring/vendor/bundle/ruby/3.4.0/gems/nokogiri-1.19.1/ext/nokogiri/conftest.c:18:(.text+0x5): undefined reference to `xmlCtxtGetOptions'
collect2.exe: error: ld returned 1 exit status
checked program was:
/* begin */
 1: #include "ruby.h"
 2: 
 3: #include <winsock2.h>
 4: #include <windows.h>
 5: 
 6: /*top*/
 7: extern int t(void);
 8: int main(int argc, char **argv)
 9: {
10:   if (argc > 1000000) {
11:     int (* volatile tp)(void)=(int (*)(void))&t;
12:     printf("%d", (*tp)());
13:   }
14: 
15:   return !!argv[argc];
16: }
17: extern void xmlCtxtGetOptions();
18: int t(void) { xmlCtxtGetOptions(); return 0; }
/* end */

--------------------

have_func: checking for xmlSwitchEncodingName()... -------------------- yes

PATH=".;C:/Ruby34-x64/lib;C:\Users\KIIT\Desktop\DaySpring\assesment-client-dayspring\vendor\bundle\ruby\3.4.0\gems\nokogiri-1.19.1\ports\x64-mingw-ucrt\libxslt\1.1.43\bin;C:\Users\KIIT\Desktop\DaySpring\assesment-client-dayspring\vendor\bundle\ruby\3.4.0\gems\nokogiri-1.19.1\ports\x64-mingw-ucrt\libxml2\2.13.9\bin;C:\Users\KIIT\Desktop\DaySpring\assesment-client-dayspring\vendor\bundle\ruby\3.4.0\gems\nokogiri-1.19.1\ports\x64-mingw-ucrt\libiconv\1.18\bin;C:\Ruby34-x64\bin;C:\Ruby34-x64\msys64\ucrt64\bin;C:\Ruby34-x64\msys64\usr\bin;C:\ProgramData\rvm\wrapper;C:\Program Files\Common Files\Oracle\Java\javapath;C:\oracle\product\10.2.0\db_1\bin;C:\Windows\system32;C:\Windows;C:\Windows\System32\Wbem;C:\Windows\System32\WindowsPowerShell\v1.0\;C:\Windows\System32\OpenSSH\;C:\WINDOWS\system32;C:\WINDOWS;C:\WINDOWS\System32\Wbem;C:\WINDOWS\System32\WindowsPowerShell\v1.0\;C:\WINDOWS\System32\OpenSSH\;C:\MinGW\bin;C:\Program Files (x86)\NVIDIA Corporation\PhysX\Common;C:\Program Files\NVIDIA Corporation\NVIDIA app\NvDLISR;C:\ProgramData\chocolatey\bin;C:\Program Files\Git\cmd;C:\Program Files\dotnet\;C:\Program Files\nodejs\;C:\Users\KIIT\AppData\Local\Android\Sdk;C:\Users\KIIT\AppData\Local\Android\Sdk\platform-tools;C:\Users\KIIT\AppData\Local\Android\Sdk\platforms;C:\Users\KIIT\AppData\Local\Android\Sdk\emulator;C:\Users\KIIT\AppData\Local\Android\Sdk\build-tools;C:\ProgramData\rvm\wrapper;C:\Ruby34-x64\bin;C:\Program Files\MySQL\MySQL Shell 8.0\bin\;C:\Users\KIIT\AppData\Local\Microsoft\WindowsApps;C:\Users\KIIT\AppData\Local\Programs\Microsoft VS Code\bin;C:\MinGW\bin;C:\Program Files\JetBrains\IntelliJ IDEA 2024.3\bin;;C:\Program Files\JetBrains\IntelliJ IDEA Community Edition 2024.3\bin;;C:\Users\KIIT\AppData\Roaming\npm;C:\Users\KIIT\AppData\Local\GitHubDesktop\bin;C:\Users\KIIT\AppData\Local\Android\Sdk;C:\Users\KIIT\AppData\Local\Android\Sdk\platform-tools;C:\Users\KIIT\AppData\Local\Android\Sdk\emulator;C:\Users\KIIT\AppData\Local\Android\Sdk\build-tools;C:\Users\KIIT\AppData\Local\Android\Sdk\platforms;C:\Program Files\Microsoft\jdk-17.0.13.11-hotspot\bin" ASAN_OPTIONS=detect_leaks=0 "gcc -o conftest.exe -IC:/Ruby34-x64/include/ruby-3.4.0/x64-mingw-ucrt -IC:/Ruby34-x64/include/ruby-3.4.0/ruby/backward -IC:/Ruby34-x64/include/ruby-3.4.0 -I. -IC:/Users/KIIT/Desktop/DaySpring/assesment-client-dayspring/vendor/bundle/ruby/3.4.0/gems/nokogiri-1.19.1/ports/x64-mingw-ucrt/libxml2/2.13.9/include/libxml2 -IC:/Users/KIIT/Desktop/DaySpring/assesment-client-dayspring/vendor/bundle/ruby/3.4.0/gems/nokogiri-1.19.1/ports/x64-mingw-ucrt/libiconv/1.18/include -DLIBXML_STATIC -DLIBXSLT_STATIC -DLIBEXSLT_STATIC -IC:/Users/KIIT/Desktop/DaySpring/assesment-client-dayspring/vendor/bundle/ruby/3.4.0/gems/nokogiri-1.19.1/ports/x64-mingw-ucrt/libxslt/1.1.43/include -IC:/Users/KIIT/Desktop/DaySpring/assesment-client-dayspring/vendor/bundle/ruby/3.4.0/gems/nokogiri-1.19.1/ports/x64-mingw-ucrt/libxml2/2.13.9/include/libxml2 -IC:/Users/KIIT/Desktop/DaySpring/assesment-client-dayspring/vendor/bundle/ruby/3.4.0/gems/nokogiri-1.19.1/ports/x64-mingw-ucrt/libiconv/1.18/include -DLIBXML_STATIC -D_WIN32_WINNT=0x0600 -D__MINGW_USE_VC2005_COMPAT -D_FILE_OFFSET_BITS=64   "-Idummypath" -IC:/Users/KIIT/Desktop/DaySpring/assesment-client-dayspring/vendor/bundle/ruby/3.4.0/gems/nokogiri-1.19.1/ports/x64-mingw-ucrt/zlib/1.3.1/include -IC:/Users/KIIT/Desktop/DaySpring/assesment-client-dayspring/vendor/bundle/ruby/3.4.0/gems/nokogiri-1.19.1/ports/x64-mingw-ucrt/libiconv/1.18/include -DNOKOGIRI_PACKAGED_LIBRARIES -DNOKOGIRI_LIBXML2_PATCHES="\"0001-Remove-script-macro-support.patch 0002-Update-entities-to-remove-handling-of-ssi.patch 0009-allow-wildcard-namespaces.patch 0010-update-config.guess-and-config.sub-for-libxml2.patch 0011-rip-out-libxml2-s-libc_single_threaded-support.patch 0019-xpath-Use-separate-static-hash-table-for-standard-fu.patch\"" -DNOKOGIRI_LIBXSLT_PATCHES="\"0001-update-config.guess-and-config.sub-for-libxslt.patch\"" -IC:/Users/KIIT/Desktop/DaySpring/assesment-client-dayspring/vendor/bundle/ruby/3.4.0/gems/nokogiri-1.19.1/ext/nokogiri/ports/x64-mingw-ucrt/libgumbo/1.0.0-nokogiri/include -O3 -fstack-protector-strong -std=c99 -Wno-declaration-after-statement -O2 -g -Winline -Wmissing-noreturn -Wconversion conftest.c -L. -LC:/Ruby34-x64/lib -LC:/Users/KIIT/Desktop/DaySpring/assesment-client-dayspring/vendor/bundle/ruby/3.4.0/gems/nokogiri-1.19.1/ports/x64-mingw-ucrt/libiconv/1.18/lib -LC:/Users/KIIT/Desktop/DaySpring/assesment-client-dayspring/vendor/bundle/ruby/3.4.0/gems/nokogiri-1.19.1/ports/x64-mingw-ucrt/zlib/1.3.1/lib -LC:/Users/KIIT/Desktop/DaySpring/assesment-client-dayspring/vendor/bundle/ruby/3.4.0/gems/nokogiri-1.19.1/ports/x64-mingw-ucrt/libxml2/2.13.9/lib -LC:/Users/KIIT/Desktop/DaySpring/assesment-client-dayspring/vendor/bundle/ruby/3.4.0/gems/nokogiri-1.19.1/ports/x64-mingw-ucrt/libxslt/1.1.43/lib -LC:/Ruby34-x64/msys64/ucrt64/lib -LC:/Users/KIIT/Desktop/DaySpring/assesment-client-dayspring/vendor/bundle/ruby/3.4.0/gems/nokogiri-1.19.1/ext/nokogiri/ports/x64-mingw-ucrt/libgumbo/1.0.0-nokogiri/lib -L. -pipe -s -fstack-protector-strong -lpthread -Wl,--no-as-needed    C:/Users/KIIT/Desktop/DaySpring/assesment-client-dayspring/vendor/bundle/ruby/3.4.0/gems/nokogiri-1.19.1/ports/x64-mingw-ucrt/libxslt/1.1.43/lib/libexslt.a -lm -lbcrypt -lws2_32 -liconv -llzma -lz C:/Users/KIIT/Desktop/DaySpring/assesment-client-dayspring/vendor/bundle/ruby/3.4.0/gems/nokogiri-1.19.1/ports/x64-mingw-ucrt/libxml2/2.13.9/lib/libxml2.a C:/Users/KIIT/Desktop/DaySpring/assesment-client-dayspring/vendor/bundle/ruby/3.4.0/gems/nokogiri-1.19.1/ports/x64-mingw-ucrt/libxslt/1.1.43/lib/libxslt.a -lbcrypt -lws2_32 -lm -liconv -llzma -lz C:/Users/KIIT/Desktop/DaySpring/assesment-client-dayspring/vendor/bundle/ruby/3.4.0/gems/nokogiri-1.19.1/ports/x64-mingw-ucrt/libxml2/2.13.9/lib/libxml2.a -liconv -lz -llzma C:/Users/KIIT/Desktop/DaySpring/assesment-client-dayspring/vendor/bundle/ruby/3.4.0/gems/nokogiri-1.19.1/ext/nokogiri/ports/x64-mingw-ucrt/libgumbo/1.0.0-nokogiri/lib/libgumbo.a -lx64-ucrt-ruby340 C:/Users/KIIT/Desktop/DaySpring/assesment-client-dayspring/vendor/bundle/ruby/3.4.0/gems/nokogiri-1.19.1/ports/x64-mingw-ucrt/libxslt/1.1.43/lib/libexslt.a -lm -lbcrypt -lws2_32 -liconv -llzma -lz C:/Users/KIIT/Desktop/DaySpring/assesment-client-dayspring/vendor/bundle/ruby/3.4.0/gems/nokogiri-1.19.1/ports/x64-mingw-ucrt/libxml2/2.13.9/lib/libxml2.a C:/Users/KIIT/Desktop/DaySpring/assesment-client-dayspring/vendor/bundle/ruby/3.4.0/gems/nokogiri-1.19.1/ports/x64-mingw-ucrt/libxslt/1.1.43/lib/libxslt.a -lbcrypt -lws2_32 -lm -liconv -llzma -lz C:/Users/KIIT/Desktop/DaySpring/assesment-client-dayspring/vendor/bundle/ruby/3.4.0/gems/nokogiri-1.19.1/ports/x64-mingw-ucrt/libxml2/2.13.9/lib/libxml2.a -liconv -lz -llzma C:/Users/KIIT/Desktop/DaySpring/assesment-client-dayspring/vendor/bundle/ruby/3.4.0/gems/nokogiri-1.19.1/ext/nokogiri/ports/x64-mingw-ucrt/libgumbo/1.0.0-nokogiri/lib/libgumbo.a -lshell32 -lws2_32 -liphlpapi -limagehlp -lshlwapi -lbcrypt  "
conftest.c: In function 't':
conftest.c:17:57: error: 'xmlSwitchEncodingName' undeclared (first use in this function)
   17 | int t(void) { void ((*volatile p)()); p = (void ((*)()))xmlSwitchEncodingName; return !p; }
      |                                                         ^~~~~~~~~~~~~~~~~~~~~
conftest.c:17:57: note: each undeclared identifier is reported only once for each function it appears in
checked program was:
/* begin */
 1: #include "ruby.h"
 2: 
 3: #include <winsock2.h>
 4: #include <windows.h>
 5: 
 6: /*top*/
 7: extern int t(void);
 8: int main(int argc, char **argv)
 9: {
10:   if (argc > 1000000) {
11:     int (* volatile tp)(void)=(int (*)(void))&t;
12:     printf("%d", (*tp)());
13:   }
14: 
15:   return !!argv[argc];
16: }
17: int t(void) { void ((*volatile p)()); p = (void ((*)()))xmlSwitchEncodingName; return !p; }
/* end */

PATH=".;C:/Ruby34-x64/lib;C:\Users\KIIT\Desktop\DaySpring\assesment-client-dayspring\vendor\bundle\ruby\3.4.0\gems\nokogiri-1.19.1\ports\x64-mingw-ucrt\libxslt\1.1.43\bin;C:\Users\KIIT\Desktop\DaySpring\assesment-client-dayspring\vendor\bundle\ruby\3.4.0\gems\nokogiri-1.19.1\ports\x64-mingw-ucrt\libxml2\2.13.9\bin;C:\Users\KIIT\Desktop\DaySpring\assesment-client-dayspring\vendor\bundle\ruby\3.4.0\gems\nokogiri-1.19.1\ports\x64-mingw-ucrt\libiconv\1.18\bin;C:\Ruby34-x64\bin;C:\Ruby34-x64\msys64\ucrt64\bin;C:\Ruby34-x64\msys64\usr\bin;C:\ProgramData\rvm\wrapper;C:\Program Files\Common Files\Oracle\Java\javapath;C:\oracle\product\10.2.0\db_1\bin;C:\Windows\system32;C:\Windows;C:\Windows\System32\Wbem;C:\Windows\System32\WindowsPowerShell\v1.0\;C:\Windows\System32\OpenSSH\;C:\WINDOWS\system32;C:\WINDOWS;C:\WINDOWS\System32\Wbem;C:\WINDOWS\System32\WindowsPowerShell\v1.0\;C:\WINDOWS\System32\OpenSSH\;C:\MinGW\bin;C:\Program Files (x86)\NVIDIA Corporation\PhysX\Common;C:\Program Files\NVIDIA Corporation\NVIDIA app\NvDLISR;C:\ProgramData\chocolatey\bin;C:\Program Files\Git\cmd;C:\Program Files\dotnet\;C:\Program Files\nodejs\;C:\Users\KIIT\AppData\Local\Android\Sdk;C:\Users\KIIT\AppData\Local\Android\Sdk\platform-tools;C:\Users\KIIT\AppData\Local\Android\Sdk\platforms;C:\Users\KIIT\AppData\Local\Android\Sdk\emulator;C:\Users\KIIT\AppData\Local\Android\Sdk\build-tools;C:\ProgramData\rvm\wrapper;C:\Ruby34-x64\bin;C:\Program Files\MySQL\MySQL Shell 8.0\bin\;C:\Users\KIIT\AppData\Local\Microsoft\WindowsApps;C:\Users\KIIT\AppData\Local\Programs\Microsoft VS Code\bin;C:\MinGW\bin;C:\Program Files\JetBrains\IntelliJ IDEA 2024.3\bin;;C:\Program Files\JetBrains\IntelliJ IDEA Community Edition 2024.3\bin;;C:\Users\KIIT\AppData\Roaming\npm;C:\Users\KIIT\AppData\Local\GitHubDesktop\bin;C:\Users\KIIT\AppData\Local\Android\Sdk;C:\Users\KIIT\AppData\Local\Android\Sdk\platform-tools;C:\Users\KIIT\AppData\Local\Android\Sdk\emulator;C:\Users\KIIT\AppData\Local\Android\Sdk\build-tools;C:\Users\KIIT\AppData\Local\Android\Sdk\platforms;C:\Program Files\Microsoft\jdk-17.0.13.11-hotspot\bin" ASAN_OPTIONS=detect_leaks=0 "gcc -o conftest.exe -IC:/Ruby34-x64/include/ruby-3.4.0/x64-mingw-ucrt -IC:/Ruby34-x64/include/ruby-3.4.0/ruby/backward -IC:/Ruby34-x64/include/ruby-3.4.0 -I. -IC:/Users/KIIT/Desktop/DaySpring/assesment-client-dayspring/vendor/bundle/ruby/3.4.0/gems/nokogiri-1.19.1/ports/x64-mingw-ucrt/libxml2/2.13.9/include/libxml2 -IC:/Users/KIIT/Desktop/DaySpring/assesment-client-dayspring/vendor/bundle/ruby/3.4.0/gems/nokogiri-1.19.1/ports/x64-mingw-ucrt/libiconv/1.18/include -DLIBXML_STATIC -DLIBXSLT_STATIC -DLIBEXSLT_STATIC -IC:/Users/KIIT/Desktop/DaySpring/assesment-client-dayspring/vendor/bundle/ruby/3.4.0/gems/nokogiri-1.19.1/ports/x64-mingw-ucrt/libxslt/1.1.43/include -IC:/Users/KIIT/Desktop/DaySpring/assesment-client-dayspring/vendor/bundle/ruby/3.4.0/gems/nokogiri-1.19.1/ports/x64-mingw-ucrt/libxml2/2.13.9/include/libxml2 -IC:/Users/KIIT/Desktop/DaySpring/assesment-client-dayspring/vendor/bundle/ruby/3.4.0/gems/nokogiri-1.19.1/ports/x64-mingw-ucrt/libiconv/1.18/include -DLIBXML_STATIC -D_WIN32_WINNT=0x0600 -D__MINGW_USE_VC2005_COMPAT -D_FILE_OFFSET_BITS=64   "-Idummypath" -IC:/Users/KIIT/Desktop/DaySpring/assesment-client-dayspring/vendor/bundle/ruby/3.4.0/gems/nokogiri-1.19.1/ports/x64-mingw-ucrt/zlib/1.3.1/include -IC:/Users/KIIT/Desktop/DaySpring/assesment-client-dayspring/vendor/bundle/ruby/3.4.0/gems/nokogiri-1.19.1/ports/x64-mingw-ucrt/libiconv/1.18/include -DNOKOGIRI_PACKAGED_LIBRARIES -DNOKOGIRI_LIBXML2_PATCHES="\"0001-Remove-script-macro-support.patch 0002-Update-entities-to-remove-handling-of-ssi.patch 0009-allow-wildcard-namespaces.patch 0010-update-config.guess-and-config.sub-for-libxml2.patch 0011-rip-out-libxml2-s-libc_single_threaded-support.patch 0019-xpath-Use-separate-static-hash-table-for-standard-fu.patch\"" -DNOKOGIRI_LIBXSLT_PATCHES="\"0001-update-config.guess-and-config.sub-for-libxslt.patch\"" -IC:/Users/KIIT/Desktop/DaySpring/assesment-client-dayspring/vendor/bundle/ruby/3.4.0/gems/nokogiri-1.19.1/ext/nokogiri/ports/x64-mingw-ucrt/libgumbo/1.0.0-nokogiri/include -O3 -fstack-protector-strong -std=c99 -Wno-declaration-after-statement -O2 -g -Winline -Wmissing-noreturn -Wconversion conftest.c -L. -LC:/Ruby34-x64/lib -LC:/Users/KIIT/Desktop/DaySpring/assesment-client-dayspring/vendor/bundle/ruby/3.4.0/gems/nokogiri-1.19.1/ports/x64-mingw-ucrt/libiconv/1.18/lib -LC:/Users/KIIT/Desktop/DaySpring/assesment-client-dayspring/vendor/bundle/ruby/3.4.0/gems/nokogiri-1.19.1/ports/x64-mingw-ucrt/zlib/1.3.1/lib -LC:/Users/KIIT/Desktop/DaySpring/assesment-client-dayspring/vendor/bundle/ruby/3.4.0/gems/nokogiri-1.19.1/ports/x64-mingw-ucrt/libxml2/2.13.9/lib -LC:/Users/KIIT/Desktop/DaySpring/assesment-client-dayspring/vendor/bundle/ruby/3.4.0/gems/nokogiri-1.19.1/ports/x64-mingw-ucrt/libxslt/1.1.43/lib -LC:/Ruby34-x64/msys64/ucrt64/lib -LC:/Users/KIIT/Desktop/DaySpring/assesment-client-dayspring/vendor/bundle/ruby/3.4.0/gems/nokogiri-1.19.1/ext/nokogiri/ports/x64-mingw-ucrt/libgumbo/1.0.0-nokogiri/lib -L. -pipe -s -fstack-protector-strong -lpthread -Wl,--no-as-needed    C:/Users/KIIT/Desktop/DaySpring/assesment-client-dayspring/vendor/bundle/ruby/3.4.0/gems/nokogiri-1.19.1/ports/x64-mingw-ucrt/libxslt/1.1.43/lib/libexslt.a -lm -lbcrypt -lws2_32 -liconv -llzma -lz C:/Users/KIIT/Desktop/DaySpring/assesment-client-dayspring/vendor/bundle/ruby/3.4.0/gems/nokogiri-1.19.1/ports/x64-mingw-ucrt/libxml2/2.13.9/lib/libxml2.a C:/Users/KIIT/Desktop/DaySpring/assesment-client-dayspring/vendor/bundle/ruby/3.4.0/gems/nokogiri-1.19.1/ports/x64-mingw-ucrt/libxslt/1.1.43/lib/libxslt.a -lbcrypt -lws2_32 -lm -liconv -llzma -lz C:/Users/KIIT/Desktop/DaySpring/assesment-client-dayspring/vendor/bundle/ruby/3.4.0/gems/nokogiri-1.19.1/ports/x64-mingw-ucrt/libxml2/2.13.9/lib/libxml2.a -liconv -lz -llzma C:/Users/KIIT/Desktop/DaySpring/assesment-client-dayspring/vendor/bundle/ruby/3.4.0/gems/nokogiri-1.19.1/ext/nokogiri/ports/x64-mingw-ucrt/libgumbo/1.0.0-nokogiri/lib/libgumbo.a -lx64-ucrt-ruby340 C:/Users/KIIT/Desktop/DaySpring/assesment-client-dayspring/vendor/bundle/ruby/3.4.0/gems/nokogiri-1.19.1/ports/x64-mingw-ucrt/libxslt/1.1.43/lib/libexslt.a -lm -lbcrypt -lws2_32 -liconv -llzma -lz C:/Users/KIIT/Desktop/DaySpring/assesment-client-dayspring/vendor/bundle/ruby/3.4.0/gems/nokogiri-1.19.1/ports/x64-mingw-ucrt/libxml2/2.13.9/lib/libxml2.a C:/Users/KIIT/Desktop/DaySpring/assesment-client-dayspring/vendor/bundle/ruby/3.4.0/gems/nokogiri-1.19.1/ports/x64-mingw-ucrt/libxslt/1.1.43/lib/libxslt.a -lbcrypt -lws2_32 -lm -liconv -llzma -lz C:/Users/KIIT/Desktop/DaySpring/assesment-client-dayspring/vendor/bundle/ruby/3.4.0/gems/nokogiri-1.19.1/ports/x64-mingw-ucrt/libxml2/2.13.9/lib/libxml2.a -liconv -lz -llzma C:/Users/KIIT/Desktop/DaySpring/assesment-client-dayspring/vendor/bundle/ruby/3.4.0/gems/nokogiri-1.19.1/ext/nokogiri/ports/x64-mingw-ucrt/libgumbo/1.0.0-nokogiri/lib/libgumbo.a -lshell32 -lws2_32 -liphlpapi -limagehlp -lshlwapi -lbcrypt  "
checked program was:
/* begin */
 1: #include "ruby.h"
 2: 
 3: #include <winsock2.h>
 4: #include <windows.h>
 5: 
 6: /*top*/
 7: extern int t(void);
 8: int main(int argc, char **argv)
 9: {
10:   if (argc > 1000000) {
11:     int (* volatile tp)(void)=(int (*)(void))&t;
12:     printf("%d", (*tp)());
13:   }
14: 
15:   return !!argv[argc];
16: }
17: extern void xmlSwitchEncodingName();
18: int t(void) { xmlSwitchEncodingName(); return 0; }
/* end */

--------------------

have_func: checking for rb_category_warning()... -------------------- yes

PATH=".;C:/Ruby34-x64/lib;C:\Users\KIIT\Desktop\DaySpring\assesment-client-dayspring\vendor\bundle\ruby\3.4.0\gems\nokogiri-1.19.1\ports\x64-mingw-ucrt\libxslt\1.1.43\bin;C:\Users\KIIT\Desktop\DaySpring\assesment-client-dayspring\vendor\bundle\ruby\3.4.0\gems\nokogiri-1.19.1\ports\x64-mingw-ucrt\libxml2\2.13.9\bin;C:\Users\KIIT\Desktop\DaySpring\assesment-client-dayspring\vendor\bundle\ruby\3.4.0\gems\nokogiri-1.19.1\ports\x64-mingw-ucrt\libiconv\1.18\bin;C:\Ruby34-x64\bin;C:\Ruby34-x64\msys64\ucrt64\bin;C:\Ruby34-x64\msys64\usr\bin;C:\ProgramData\rvm\wrapper;C:\Program Files\Common Files\Oracle\Java\javapath;C:\oracle\product\10.2.0\db_1\bin;C:\Windows\system32;C:\Windows;C:\Windows\System32\Wbem;C:\Windows\System32\WindowsPowerShell\v1.0\;C:\Windows\System32\OpenSSH\;C:\WINDOWS\system32;C:\WINDOWS;C:\WINDOWS\System32\Wbem;C:\WINDOWS\System32\WindowsPowerShell\v1.0\;C:\WINDOWS\System32\OpenSSH\;C:\MinGW\bin;C:\Program Files (x86)\NVIDIA Corporation\PhysX\Common;C:\Program Files\NVIDIA Corporation\NVIDIA app\NvDLISR;C:\ProgramData\chocolatey\bin;C:\Program Files\Git\cmd;C:\Program Files\dotnet\;C:\Program Files\nodejs\;C:\Users\KIIT\AppData\Local\Android\Sdk;C:\Users\KIIT\AppData\Local\Android\Sdk\platform-tools;C:\Users\KIIT\AppData\Local\Android\Sdk\platforms;C:\Users\KIIT\AppData\Local\Android\Sdk\emulator;C:\Users\KIIT\AppData\Local\Android\Sdk\build-tools;C:\ProgramData\rvm\wrapper;C:\Ruby34-x64\bin;C:\Program Files\MySQL\MySQL Shell 8.0\bin\;C:\Users\KIIT\AppData\Local\Microsoft\WindowsApps;C:\Users\KIIT\AppData\Local\Programs\Microsoft VS Code\bin;C:\MinGW\bin;C:\Program Files\JetBrains\IntelliJ IDEA 2024.3\bin;;C:\Program Files\JetBrains\IntelliJ IDEA Community Edition 2024.3\bin;;C:\Users\KIIT\AppData\Roaming\npm;C:\Users\KIIT\AppData\Local\GitHubDesktop\bin;C:\Users\KIIT\AppData\Local\Android\Sdk;C:\Users\KIIT\AppData\Local\Android\Sdk\platform-tools;C:\Users\KIIT\AppData\Local\Android\Sdk\emulator;C:\Users\KIIT\AppData\Local\Android\Sdk\build-tools;C:\Users\KIIT\AppData\Local\Android\Sdk\platforms;C:\Program Files\Microsoft\jdk-17.0.13.11-hotspot\bin" ASAN_OPTIONS=detect_leaks=0 "gcc -o conftest.exe -IC:/Ruby34-x64/include/ruby-3.4.0/x64-mingw-ucrt -IC:/Ruby34-x64/include/ruby-3.4.0/ruby/backward -IC:/Ruby34-x64/include/ruby-3.4.0 -I. -IC:/Users/KIIT/Desktop/DaySpring/assesment-client-dayspring/vendor/bundle/ruby/3.4.0/gems/nokogiri-1.19.1/ports/x64-mingw-ucrt/libxml2/2.13.9/include/libxml2 -IC:/Users/KIIT/Desktop/DaySpring/assesment-client-dayspring/vendor/bundle/ruby/3.4.0/gems/nokogiri-1.19.1/ports/x64-mingw-ucrt/libiconv/1.18/include -DLIBXML_STATIC -DLIBXSLT_STATIC -DLIBEXSLT_STATIC -IC:/Users/KIIT/Desktop/DaySpring/assesment-client-dayspring/vendor/bundle/ruby/3.4.0/gems/nokogiri-1.19.1/ports/x64-mingw-ucrt/libxslt/1.1.43/include -IC:/Users/KIIT/Desktop/DaySpring/assesment-client-dayspring/vendor/bundle/ruby/3.4.0/gems/nokogiri-1.19.1/ports/x64-mingw-ucrt/libxml2/2.13.9/include/libxml2 -IC:/Users/KIIT/Desktop/DaySpring/assesment-client-dayspring/vendor/bundle/ruby/3.4.0/gems/nokogiri-1.19.1/ports/x64-mingw-ucrt/libiconv/1.18/include -DLIBXML_STATIC -D_WIN32_WINNT=0x0600 -D__MINGW_USE_VC2005_COMPAT -D_FILE_OFFSET_BITS=64   "-Idummypath" -IC:/Users/KIIT/Desktop/DaySpring/assesment-client-dayspring/vendor/bundle/ruby/3.4.0/gems/nokogiri-1.19.1/ports/x64-mingw-ucrt/zlib/1.3.1/include -IC:/Users/KIIT/Desktop/DaySpring/assesment-client-dayspring/vendor/bundle/ruby/3.4.0/gems/nokogiri-1.19.1/ports/x64-mingw-ucrt/libiconv/1.18/include -DNOKOGIRI_PACKAGED_LIBRARIES -DNOKOGIRI_LIBXML2_PATCHES="\"0001-Remove-script-macro-support.patch 0002-Update-entities-to-remove-handling-of-ssi.patch 0009-allow-wildcard-namespaces.patch 0010-update-config.guess-and-config.sub-for-libxml2.patch 0011-rip-out-libxml2-s-libc_single_threaded-support.patch 0019-xpath-Use-separate-static-hash-table-for-standard-fu.patch\"" -DNOKOGIRI_LIBXSLT_PATCHES="\"0001-update-config.guess-and-config.sub-for-libxslt.patch\"" -IC:/Users/KIIT/Desktop/DaySpring/assesment-client-dayspring/vendor/bundle/ruby/3.4.0/gems/nokogiri-1.19.1/ext/nokogiri/ports/x64-mingw-ucrt/libgumbo/1.0.0-nokogiri/include -O3 -fstack-protector-strong -std=c99 -Wno-declaration-after-statement -O2 -g -Winline -Wmissing-noreturn -Wconversion conftest.c -L. -LC:/Ruby34-x64/lib -LC:/Users/KIIT/Desktop/DaySpring/assesment-client-dayspring/vendor/bundle/ruby/3.4.0/gems/nokogiri-1.19.1/ports/x64-mingw-ucrt/libiconv/1.18/lib -LC:/Users/KIIT/Desktop/DaySpring/assesment-client-dayspring/vendor/bundle/ruby/3.4.0/gems/nokogiri-1.19.1/ports/x64-mingw-ucrt/zlib/1.3.1/lib -LC:/Users/KIIT/Desktop/DaySpring/assesment-client-dayspring/vendor/bundle/ruby/3.4.0/gems/nokogiri-1.19.1/ports/x64-mingw-ucrt/libxml2/2.13.9/lib -LC:/Users/KIIT/Desktop/DaySpring/assesment-client-dayspring/vendor/bundle/ruby/3.4.0/gems/nokogiri-1.19.1/ports/x64-mingw-ucrt/libxslt/1.1.43/lib -LC:/Ruby34-x64/msys64/ucrt64/lib -LC:/Users/KIIT/Desktop/DaySpring/assesment-client-dayspring/vendor/bundle/ruby/3.4.0/gems/nokogiri-1.19.1/ext/nokogiri/ports/x64-mingw-ucrt/libgumbo/1.0.0-nokogiri/lib -L. -pipe -s -fstack-protector-strong -lpthread -Wl,--no-as-needed    C:/Users/KIIT/Desktop/DaySpring/assesment-client-dayspring/vendor/bundle/ruby/3.4.0/gems/nokogiri-1.19.1/ports/x64-mingw-ucrt/libxslt/1.1.43/lib/libexslt.a -lm -lbcrypt -lws2_32 -liconv -llzma -lz C:/Users/KIIT/Desktop/DaySpring/assesment-client-dayspring/vendor/bundle/ruby/3.4.0/gems/nokogiri-1.19.1/ports/x64-mingw-ucrt/libxml2/2.13.9/lib/libxml2.a C:/Users/KIIT/Desktop/DaySpring/assesment-client-dayspring/vendor/bundle/ruby/3.4.0/gems/nokogiri-1.19.1/ports/x64-mingw-ucrt/libxslt/1.1.43/lib/libxslt.a -lbcrypt -lws2_32 -lm -liconv -llzma -lz C:/Users/KIIT/Desktop/DaySpring/assesment-client-dayspring/vendor/bundle/ruby/3.4.0/gems/nokogiri-1.19.1/ports/x64-mingw-ucrt/libxml2/2.13.9/lib/libxml2.a -liconv -lz -llzma C:/Users/KIIT/Desktop/DaySpring/assesment-client-dayspring/vendor/bundle/ruby/3.4.0/gems/nokogiri-1.19.1/ext/nokogiri/ports/x64-mingw-ucrt/libgumbo/1.0.0-nokogiri/lib/libgumbo.a -lx64-ucrt-ruby340 C:/Users/KIIT/Desktop/DaySpring/assesment-client-dayspring/vendor/bundle/ruby/3.4.0/gems/nokogiri-1.19.1/ports/x64-mingw-ucrt/libxslt/1.1.43/lib/libexslt.a -lm -lbcrypt -lws2_32 -liconv -llzma -lz C:/Users/KIIT/Desktop/DaySpring/assesment-client-dayspring/vendor/bundle/ruby/3.4.0/gems/nokogiri-1.19.1/ports/x64-mingw-ucrt/libxml2/2.13.9/lib/libxml2.a C:/Users/KIIT/Desktop/DaySpring/assesment-client-dayspring/vendor/bundle/ruby/3.4.0/gems/nokogiri-1.19.1/ports/x64-mingw-ucrt/libxslt/1.1.43/lib/libxslt.a -lbcrypt -lws2_32 -lm -liconv -llzma -lz C:/Users/KIIT/Desktop/DaySpring/assesment-client-dayspring/vendor/bundle/ruby/3.4.0/gems/nokogiri-1.19.1/ports/x64-mingw-ucrt/libxml2/2.13.9/lib/libxml2.a -liconv -lz -llzma C:/Users/KIIT/Desktop/DaySpring/assesment-client-dayspring/vendor/bundle/ruby/3.4.0/gems/nokogiri-1.19.1/ext/nokogiri/ports/x64-mingw-ucrt/libgumbo/1.0.0-nokogiri/lib/libgumbo.a -lshell32 -lws2_32 -liphlpapi -limagehlp -lshlwapi -lbcrypt  "
checked program was:
/* begin */
 1: #include "ruby.h"
 2: 
 3: #include <winsock2.h>
 4: #include <windows.h>
 5: 
 6: /*top*/
 7: extern int t(void);
 8: int main(int argc, char **argv)
 9: {
10:   if (argc > 1000000) {
11:     int (* volatile tp)(void)=(int (*)(void))&t;
12:     printf("%d", (*tp)());
13:   }
14: 
15:   return !!argv[argc];
16: }
17: int t(void) { void ((*volatile p)()); p = (void ((*)()))rb_category_warning; return !p; }
/* end */

--------------------

append_cppflags: checking for whether -DNOKOGIRI_OTHER_LIBRARY_VERSIONS="\"zlib:1.3.1,libiconv:1.18,libgumbo:1.0.0-nokogiri\"" is accepted as CPPFLAGS... -------------------- yes

PATH=".;C:/Ruby34-x64/lib;C:\Users\KIIT\Desktop\DaySpring\assesment-client-dayspring\vendor\bundle\ruby\3.4.0\gems\nokogiri-1.19.1\ports\x64-mingw-ucrt\libxslt\1.1.43\bin;C:\Users\KIIT\Desktop\DaySpring\assesment-client-dayspring\vendor\bundle\ruby\3.4.0\gems\nokogiri-1.19.1\ports\x64-mingw-ucrt\libxml2\2.13.9\bin;C:\Users\KIIT\Desktop\DaySpring\assesment-client-dayspring\vendor\bundle\ruby\3.4.0\gems\nokogiri-1.19.1\ports\x64-mingw-ucrt\libiconv\1.18\bin;C:\Ruby34-x64\bin;C:\Ruby34-x64\msys64\ucrt64\bin;C:\Ruby34-x64\msys64\usr\bin;C:\ProgramData\rvm\wrapper;C:\Program Files\Common Files\Oracle\Java\javapath;C:\oracle\product\10.2.0\db_1\bin;C:\Windows\system32;C:\Windows;C:\Windows\System32\Wbem;C:\Windows\System32\WindowsPowerShell\v1.0\;C:\Windows\System32\OpenSSH\;C:\WINDOWS\system32;C:\WINDOWS;C:\WINDOWS\System32\Wbem;C:\WINDOWS\System32\WindowsPowerShell\v1.0\;C:\WINDOWS\System32\OpenSSH\;C:\MinGW\bin;C:\Program Files (x86)\NVIDIA Corporation\PhysX\Common;C:\Program Files\NVIDIA Corporation\NVIDIA app\NvDLISR;C:\ProgramData\chocolatey\bin;C:\Program Files\Git\cmd;C:\Program Files\dotnet\;C:\Program Files\nodejs\;C:\Users\KIIT\AppData\Local\Android\Sdk;C:\Users\KIIT\AppData\Local\Android\Sdk\platform-tools;C:\Users\KIIT\AppData\Local\Android\Sdk\platforms;C:\Users\KIIT\AppData\Local\Android\Sdk\emulator;C:\Users\KIIT\AppData\Local\Android\Sdk\build-tools;C:\ProgramData\rvm\wrapper;C:\Ruby34-x64\bin;C:\Program Files\MySQL\MySQL Shell 8.0\bin\;C:\Users\KIIT\AppData\Local\Microsoft\WindowsApps;C:\Users\KIIT\AppData\Local\Programs\Microsoft VS Code\bin;C:\MinGW\bin;C:\Program Files\JetBrains\IntelliJ IDEA 2024.3\bin;;C:\Program Files\JetBrains\IntelliJ IDEA Community Edition 2024.3\bin;;C:\Users\KIIT\AppData\Roaming\npm;C:\Users\KIIT\AppData\Local\GitHubDesktop\bin;C:\Users\KIIT\AppData\Local\Android\Sdk;C:\Users\KIIT\AppData\Local\Android\Sdk\platform-tools;C:\Users\KIIT\AppData\Local\Android\Sdk\emulator;C:\Users\KIIT\AppData\Local\Android\Sdk\build-tools;C:\Users\KIIT\AppData\Local\Android\Sdk\platforms;C:\Program Files\Microsoft\jdk-17.0.13.11-hotspot\bin" ASAN_OPTIONS=detect_leaks=0 "gcc -IC:/Ruby34-x64/include/ruby-3.4.0/x64-mingw-ucrt -IC:/Ruby34-x64/include/ruby-3.4.0/ruby/backward -IC:/Ruby34-x64/include/ruby-3.4.0 -I. -IC:/Users/KIIT/Desktop/DaySpring/assesment-client-dayspring/vendor/bundle/ruby/3.4.0/gems/nokogiri-1.19.1/ports/x64-mingw-ucrt/libxml2/2.13.9/include/libxml2 -IC:/Users/KIIT/Desktop/DaySpring/assesment-client-dayspring/vendor/bundle/ruby/3.4.0/gems/nokogiri-1.19.1/ports/x64-mingw-ucrt/libiconv/1.18/include -DLIBXML_STATIC -DLIBXSLT_STATIC -DLIBEXSLT_STATIC -IC:/Users/KIIT/Desktop/DaySpring/assesment-client-dayspring/vendor/bundle/ruby/3.4.0/gems/nokogiri-1.19.1/ports/x64-mingw-ucrt/libxslt/1.1.43/include -IC:/Users/KIIT/Desktop/DaySpring/assesment-client-dayspring/vendor/bundle/ruby/3.4.0/gems/nokogiri-1.19.1/ports/x64-mingw-ucrt/libxml2/2.13.9/include/libxml2 -IC:/Users/KIIT/Desktop/DaySpring/assesment-client-dayspring/vendor/bundle/ruby/3.4.0/gems/nokogiri-1.19.1/ports/x64-mingw-ucrt/libiconv/1.18/include -DLIBXML_STATIC -D_WIN32_WINNT=0x0600 -D__MINGW_USE_VC2005_COMPAT -D_FILE_OFFSET_BITS=64   "-Idummypath" -IC:/Users/KIIT/Desktop/DaySpring/assesment-client-dayspring/vendor/bundle/ruby/3.4.0/gems/nokogiri-1.19.1/ports/x64-mingw-ucrt/zlib/1.3.1/include -IC:/Users/KIIT/Desktop/DaySpring/assesment-client-dayspring/vendor/bundle/ruby/3.4.0/gems/nokogiri-1.19.1/ports/x64-mingw-ucrt/libiconv/1.18/include -DNOKOGIRI_PACKAGED_LIBRARIES -DNOKOGIRI_LIBXML2_PATCHES="\"0001-Remove-script-macro-support.patch 0002-Update-entities-to-remove-handling-of-ssi.patch 0009-allow-wildcard-namespaces.patch 0010-update-config.guess-and-config.sub-for-libxml2.patch 0011-rip-out-libxml2-s-libc_single_threaded-support.patch 0019-xpath-Use-separate-static-hash-table-for-standard-fu.patch\"" -DNOKOGIRI_LIBXSLT_PATCHES="\"0001-update-config.guess-and-config.sub-for-libxslt.patch\"" -IC:/Users/KIIT/Desktop/DaySpring/assesment-client-dayspring/vendor/bundle/ruby/3.4.0/gems/nokogiri-1.19.1/ext/nokogiri/ports/x64-mingw-ucrt/libgumbo/1.0.0-nokogiri/include -O3 -fstack-protector-strong -std=c99 -Wno-declaration-after-statement -O2 -g -Winline -Wmissing-noreturn -Wconversion  -DNOKOGIRI_OTHER_LIBRARY_VERSIONS="\"zlib:1.3.1,libiconv:1.18,libgumbo:1.0.0-nokogiri\"" -Werror -c conftest.c"
checked program was:
/* begin */
1: #include "ruby.h"
2: 
3: #include <winsock2.h>
4: #include <windows.h>
5: int main(int argc, char **argv)
6: {
7:   return !!argv[argc];
8: }
/* end */

--------------------

